./nestedMerge/EQ_AddEQ_UnchLoop/libA: unknown,0.0000   ; unknown,0.0000   ; unknown,0.0000  
./nestedMerge/EQ_AddEQ_is_prime2/libA: equiv,0.9761   ; unknown,0.0000   ; equiv,0.0869  
./nestedMerge/EQ_AddEQ_odd/libA: equiv,0.7788   ; unknown,0.0000   ; equiv,0.0766  
./nestedMerge/EQ_AddEQ_pos/libA: equiv,0.7229   ; unknown,0.0000   ; equiv,0.0774  
./nestedMerge/EQ_AddEQ_pos2/libA: equiv,11.3100  ; unknown,0.0000   ; equiv,0.1298  
./nestedMerge/EQ_AddEXTRA_ultra_prime_sum/libA: equiv,78.3132  ; unknown,0.0000   ; equiv,0.1038  
./nestedMerge/EQ_ConstEQ_UnchLoop/libA: unknown,0.0000   ; unknown,0.0000   ; unknown,0.0000  
./nestedMerge/EQ_ConstEQ_is_prime2/libA: equiv,0.9435   ; unknown,0.0000   ; equiv,0.0850  
./nestedMerge/EQ_ConstEQ_odd/libA: equiv,0.7709   ; unknown,0.0000   ; equiv,0.0762  
./nestedMerge/EQ_ConstEQ_pos/libA: equiv,0.7220   ; unknown,0.0000   ; equiv,0.0766  
./nestedMerge/EQ_ConstEQ_pos2/libA: equiv,11.2945  ; unknown,0.0000   ; equiv,0.0990  
./nestedMerge/EQ_ConstEXTRA_ultra_prime_sum/libA: equiv,78.2150  ; unknown,0.0000   ; equiv,0.1115  
./nestedMerge/EQ_LoopMult20EQ_UnchLoop/libA: unknown,0.0000   ; unknown,0.0000   ; unknown,0.0000  
./nestedMerge/EQ_LoopMult20EQ_is_prime2/libA: equiv,1.0960   ; unknown,0.0000   ; not equiv,0.3939  
./nestedMerge/EQ_LoopMult20EQ_odd/libA: equiv,1.0372   ; unknown,0.0000   ; equiv,0.2359  
./nestedMerge/EQ_LoopMult20EQ_pos/libA: equiv,1.1436   ; unknown,0.0000   ; equiv,0.3943  
./nestedMerge/EQ_LoopMult20EQ_pos2/libA: equiv,11.3111  ; unknown,0.0000   ; equiv,0.4146  
./nestedMerge/EQ_LoopMult20EXTRA_ultra_prime_sum/libA: equiv,42.4483  ; unknown,0.0000   ; equiv,0.3721  
./nestedMerge/EQ_LoopUnreach20EQ_UnchLoop/libA: unknown,0.0000   ; unknown,0.0000   ; unknown,0.0000  
./nestedMerge/EQ_LoopUnreach20EQ_is_prime2/libA: equiv,1.0856   ; unknown,0.0000   ; not equiv,0.3855  
./nestedMerge/EQ_LoopUnreach20EQ_odd/libA: equiv,1.0412   ; unknown,0.0000   ; equiv,0.2354  
./nestedMerge/EQ_LoopUnreach20EQ_pos/libA: equiv,1.1921   ; unknown,0.0000   ; equiv,0.3951  
./nestedMerge/EQ_LoopUnreach20EQ_pos2/libA: equiv,11.3149  ; unknown,0.0000   ; equiv,0.4239  
./nestedMerge/EQ_LoopUnreach20EXTRA_ultra_prime_sum/libA: equiv,42.3791  ; unknown,0.0000   ; equiv,0.3718  
./nestedMerge/EQ_UnchLoopEQ_Add/libA: unknown,0.0000   ; unknown,0.0000   ; unknown,0.0000  
./nestedMerge/EQ_UnchLoopEQ_Const/libA: unknown,0.0000   ; unknown,0.0000   ; unknown,0.0000  
./nestedMerge/EQ_UnchLoopEQ_LoopMult20/libA: equiv,0.8103   ; unknown,0.0000   ; equiv,0.0777  
./nestedMerge/EQ_UnchLoopEQ_LoopUnreach20/libA: equiv,0.7803   ; unknown,0.0000   ; equiv,0.0787  
./nestedMerge/EQ_UnchLoopEQ_UnchLoop/libA: unknown,0.0000   ; unknown,0.0000   ; unknown,0.0000  
./nestedMerge/EQ_UnchLoopEQ_divide/libA: equiv,0.1480   ; unknown,0.0000   ; equiv,0.0797  
./nestedMerge/EQ_UnchLoopEQ_getSign2/libA: equiv,0.7596   ; unknown,0.0000   ; equiv,0.0769  
./nestedMerge/EQ_UnchLoopEQ_is_prime1/libA: equiv,0.9040   ; unknown,0.0000   ; equiv,0.0832  
./nestedMerge/EQ_UnchLoopEQ_is_prime2/libA: equiv,0.9343   ; unknown,0.0000   ; equiv,0.0853  
./nestedMerge/EQ_UnchLoopEQ_is_prime3/libA: equiv,1.1558   ; unknown,0.0000   ; equiv,0.0908  
./nestedMerge/EQ_UnchLoopEQ_ltfive/libA: equiv,0.7458   ; unknown,0.0000   ; equiv,0.0781  
./nestedMerge/EQ_UnchLoopEQ_ltfiveBound/libA: equiv,0.7542   ; unknown,0.0000   ; equiv,0.0804  
./nestedMerge/EQ_UnchLoopEQ_multiple/libA: equiv,0.7267   ; unknown,0.0000   ; equiv,0.0770  
./nestedMerge/EQ_UnchLoopEQ_multipleBound/libA: equiv,0.7447   ; unknown,0.0000   ; equiv,0.0777  
./nestedMerge/EQ_UnchLoopEQ_odd/libA: equiv,0.7532   ; unknown,0.0000   ; equiv,0.0768  
./nestedMerge/EQ_UnchLoopEQ_one/libA: not equiv,0.3194   ; unknown,0.0000   ; equiv,0.0804  
./nestedMerge/EQ_UnchLoopEQ_oneBound/libA: equiv,1.2265   ; unknown,0.0000   ; equiv,0.0785  
./nestedMerge/EQ_UnchLoopEQ_oneN2/libA: equiv,1.2094   ; unknown,0.0000   ; equiv,0.0771  
./nestedMerge/EQ_UnchLoopEQ_pos/libA: equiv,0.7245   ; unknown,0.0000   ; equiv,0.0780  
./nestedMerge/EQ_UnchLoopEQ_pos2/libA: equiv,11.2893  ; unknown,0.0000   ; equiv,0.1058  
./nestedMerge/EQ_UnchLoopEQ_pos3/libA: equiv,0.7032   ; unknown,0.0000   ; equiv,0.0788  
./nestedMerge/EQ_UnchLoopEXTRA_ultra_prime_sum/libA: equiv,78.6139  ; unknown,0.0000   ; equiv,0.1042  
./nestedMerge/EQ_UnchLoopNEQ_LoopMult20/libA: equiv,0.7797   ; unknown,0.0000   ; equiv,0.0791  
./nestedMerge/EQ_UnchLoopNEQ_LoopUnreach20/libA: equiv,0.6815   ; unknown,0.0000   ; equiv,0.0790  
./nestedMerge/EQ_UnchLoopNEQ_getSign/libA: equiv,0.6922   ; unknown,0.0000   ; equiv,0.0755  
./nestedMerge/EQ_divideEQ_UnchLoop/libA: unknown,0.0000   ; unknown,0.0000   ; unknown,0.0000  
./nestedMerge/EQ_divideEQ_is_prime2/libA: equiv,1.0643   ; unknown,0.0000   ; not equiv,0.7199  
./nestedMerge/EQ_divideEQ_odd/libA: equiv,12.2410  ; unknown,0.0000   ; timeout,300.0000
./nestedMerge/EQ_divideEQ_pos/libA: equiv,11.3035  ; unknown,0.0000   ; timeout,300.0000
./nestedMerge/EQ_divideEQ_pos2/libA: equiv,11.3386  ; unknown,0.0000   ; timeout,300.0000
./nestedMerge/EQ_divideEXTRA_ultra_prime_sum/libA: equiv,42.3888  ; unknown,0.0000   ; timeout,300.0000
./nestedMerge/EQ_getSign2EQ_UnchLoop/libA: unknown,0.0000   ; unknown,0.0000   ; unknown,0.0000  
./nestedMerge/EQ_getSign2EQ_is_prime2/libA: equiv,1.0814   ; unknown,0.0000   ; not equiv,0.7003  
./nestedMerge/EQ_getSign2EQ_odd/libA: equiv,11.0436  ; unknown,0.0000   ; equiv,15.0186 
./nestedMerge/EQ_getSign2EQ_pos/libA: equiv,11.2540  ; unknown,0.0000   ; timeout,300.0000
./nestedMerge/EQ_getSign2EQ_pos2/libA: equiv,11.3738  ; unknown,0.0000   ; timeout,300.0000
./nestedMerge/EQ_getSign2EXTRA_ultra_prime_sum/libA: equiv,42.3950  ; unknown,0.0000   ; timeout,300.0000
./nestedMerge/EQ_is_prime1EQ_UnchLoop/libA: unknown,0.0000   ; unknown,0.0000   ; unknown,0.0000  
./nestedMerge/EQ_is_prime1EQ_is_prime2/libA: equiv,1.0297   ; unknown,0.0000   ; not equiv,0.6717  
./nestedMerge/EQ_is_prime1EQ_odd/libA: equiv,0.6916   ; unknown,0.0000   ; timeout,300.0000
./nestedMerge/EQ_is_prime1EQ_pos/libA: equiv,11.2596  ; unknown,0.0000   ; timeout,300.0000
./nestedMerge/EQ_is_prime1EQ_pos2/libA: equiv,11.3190  ; unknown,0.0000   ; timeout,300.0000
./nestedMerge/EQ_is_prime1EXTRA_ultra_prime_sum/libA: equiv,83.9818  ; unknown,0.0000   ; timeout,300.0000
./nestedMerge/EQ_is_prime2EQ_Add/libA: unknown,0.0000   ; unknown,0.0000   ; unknown,0.0000  
./nestedMerge/EQ_is_prime2EQ_Const/libA: unknown,0.0000   ; unknown,0.0000   ; unknown,0.0000  
./nestedMerge/EQ_is_prime2EQ_LoopMult20/libA: equiv,1.5076   ; unknown,0.0000   ; equiv,0.3788  
./nestedMerge/EQ_is_prime2EQ_LoopUnreach20/libA: equiv,1.0487   ; unknown,0.0000   ; equiv,0.1412  
./nestedMerge/EQ_is_prime2EQ_UnchLoop/libA: unknown,0.0000   ; unknown,0.0000   ; unknown,0.0000  
./nestedMerge/EQ_is_prime2EQ_divide/libA: equiv,0.2082   ; unknown,0.0000   ; equiv,0.1101  
./nestedMerge/EQ_is_prime2EQ_getSign2/libA: equiv,0.9382   ; unknown,0.0000   ; equiv,0.1459  
./nestedMerge/EQ_is_prime2EQ_is_prime1/libA: equiv,1.0209   ; unknown,0.0000   ; equiv,0.1123  
./nestedMerge/EQ_is_prime2EQ_is_prime2/libA: equiv,1.1036   ; unknown,0.0000   ; not equiv,0.6803  
./nestedMerge/EQ_is_prime2EQ_is_prime3/libA: equiv,2.3519   ; unknown,0.0000   ; equiv,0.6473  
./nestedMerge/EQ_is_prime2EQ_ltfive/libA: not equiv,0.5414   ; unknown,0.0000   ; not equiv,0.1961  
./nestedMerge/EQ_is_prime2EQ_ltfiveBound/libA: equiv,1.1436   ; unknown,0.0000   ; equiv,0.1935  
./nestedMerge/EQ_is_prime2EQ_multiple/libA: equiv,0.7788   ; unknown,0.0000   ; not equiv,0.2408  
./nestedMerge/EQ_is_prime2EQ_multipleBound/libA: equiv,0.8391   ; unknown,0.0000   ; equiv,0.3430  
./nestedMerge/EQ_is_prime2EQ_odd/libA: equiv,0.7942   ; unknown,0.0000   ; equiv,16.4337 
./nestedMerge/EQ_is_prime2EQ_one/libA: not equiv,0.4344   ; unknown,0.0000   ; not equiv,0.1632  
./nestedMerge/EQ_is_prime2EQ_oneBound/libA: equiv,1.1490   ; unknown,0.0000   ; equiv,0.1831  
./nestedMerge/EQ_is_prime2EQ_oneN2/libA: equiv,1.0541   ; unknown,0.0000   ; not equiv,0.1627  
./nestedMerge/EQ_is_prime2EQ_pos/libA: equiv,1.1828   ; unknown,0.0000   ; timeout,300.0000
./nestedMerge/EQ_is_prime2EQ_pos2/libA: equiv,11.4047  ; unknown,0.0000   ; timeout,300.0000
./nestedMerge/EQ_is_prime2EQ_pos3/libA: equiv,0.9104   ; unknown,0.0000   ; equiv,0.1184  
./nestedMerge/EQ_is_prime2EXTRA_ultra_prime_sum/libA: equiv,109.5213 ; unknown,0.0000   ; timeout,300.0000
./nestedMerge/EQ_is_prime2NEQ_LoopMult20/libA: not equiv,2.1139   ; unknown,0.0000   ; not equiv,0.3076  
./nestedMerge/EQ_is_prime2NEQ_LoopUnreach20/libA: not equiv,0.4038   ; unknown,0.0000   ; not equiv,0.1442  
./nestedMerge/EQ_is_prime2NEQ_getSign/libA: equiv,0.8665   ; unknown,0.0000   ; equiv,0.1431  
./nestedMerge/EQ_is_prime3EQ_UnchLoop/libA: unknown,0.0000   ; unknown,0.0000   ; unknown,0.0000  
./nestedMerge/EQ_is_prime3EQ_is_prime2/libA: equiv,3.2035   ; unknown,0.0000   ; equiv,0.7269  
./nestedMerge/EQ_is_prime3EQ_odd/libA: equiv,0.8219   ; unknown,0.0000   ; timeout,300.0000
./nestedMerge/EQ_is_prime3EQ_pos/libA: timeout,300.0000 ; unknown,0.0000   ; timeout,300.0000
./nestedMerge/EQ_is_prime3EQ_pos2/libA: equiv,22.3594  ; unknown,0.0000   ; timeout,300.0000
./nestedMerge/EQ_is_prime3EXTRA_ultra_prime_sum/libA: equiv,42.4995  ; unknown,0.0000   ; timeout,300.0000
./nestedMerge/EQ_ltfiveBoundEQ_UnchLoop/libA: unknown,0.0000   ; unknown,0.0000   ; unknown,0.0000  
./nestedMerge/EQ_ltfiveBoundEQ_is_prime2/libA: equiv,1.3229   ; unknown,0.0000   ; equiv,0.4118  
./nestedMerge/EQ_ltfiveBoundEQ_odd/libA: equiv,1.8749   ; unknown,0.0000   ; equiv,1.4795  
./nestedMerge/EQ_ltfiveBoundEQ_pos/libA: equiv,13.1226  ; unknown,0.0000   ; equiv,30.7001 
./nestedMerge/EQ_ltfiveBoundEQ_pos2/libA: equiv,11.4339  ; unknown,0.0000   ; equiv,30.6158 
./nestedMerge/EQ_ltfiveBoundEXTRA_ultra_prime_sum/libA: equiv,109.7658 ; unknown,0.0000   ; equiv,158.8090
./nestedMerge/EQ_ltfiveEQ_UnchLoop/libA: unknown,0.0000   ; unknown,0.0000   ; unknown,0.0000  
./nestedMerge/EQ_ltfiveEQ_is_prime2/libA: equiv,1.2766   ; unknown,0.0000   ; equiv,1.5936  
./nestedMerge/EQ_ltfiveEQ_odd/libA: equiv,11.4355  ; unknown,0.0000   ; equiv,43.4726 
./nestedMerge/EQ_ltfiveEQ_pos/libA: equiv,13.1312  ; unknown,0.0000   ; timeout,300.0000
./nestedMerge/EQ_ltfiveEQ_pos2/libA: equiv,11.4065  ; unknown,0.0000   ; timeout,300.0000
./nestedMerge/EQ_ltfiveEXTRA_ultra_prime_sum/libA: equiv,109.6246 ; unknown,0.0000   ; timeout,300.0000
./nestedMerge/EQ_multipleBoundEQ_UnchLoop/libA: unknown,0.0000   ; unknown,0.0000   ; unknown,0.0000  
./nestedMerge/EQ_multipleBoundEQ_is_prime2/libA: equiv,1.1627   ; unknown,0.0000   ; equiv,0.1561  
./nestedMerge/EQ_multipleBoundEQ_odd/libA: equiv,11.9381  ; unknown,0.0000   ; timeout,300.0000
./nestedMerge/EQ_multipleBoundEQ_pos/libA: equiv,11.3762  ; unknown,0.0000   ; equiv,141.2092
./nestedMerge/EQ_multipleBoundEQ_pos2/libA: equiv,11.3561  ; unknown,0.0000   ; timeout,300.0000
./nestedMerge/EQ_multipleBoundEXTRA_ultra_prime_sum/libA: equiv,42.5806  ; unknown,0.0000   ; timeout,300.0000
./nestedMerge/EQ_multipleEQ_UnchLoop/libA: unknown,0.0000   ; unknown,0.0000   ; unknown,0.0000  
./nestedMerge/EQ_multipleEQ_is_prime2/libA: equiv,1.1181   ; unknown,0.0000   ; equiv,0.1359  
./nestedMerge/EQ_multipleEQ_odd/libA: equiv,12.2281  ; unknown,0.0000   ; timeout,300.0000
./nestedMerge/EQ_multipleEQ_pos/libA: equiv,11.4497  ; unknown,0.0000   ; timeout,300.0000
./nestedMerge/EQ_multipleEQ_pos2/libA: equiv,11.3340  ; unknown,0.0000   ; timeout,300.0000
./nestedMerge/EQ_multipleEXTRA_ultra_prime_sum/libA: equiv,77.1264  ; unknown,0.0000   ; timeout,300.0000
./nestedMerge/EQ_oddEQ_Add/libA: unknown,0.0000   ; unknown,0.0000   ; unknown,0.0000  
./nestedMerge/EQ_oddEQ_Const/libA: unknown,0.0000   ; unknown,0.0000   ; unknown,0.0000  
./nestedMerge/EQ_oddEQ_LoopMult20/libA: equiv,1.5868   ; unknown,0.0000   ; equiv,0.3383  
./nestedMerge/EQ_oddEQ_LoopUnreach20/libA: equiv,0.9699   ; unknown,0.0000   ; equiv,0.1274  
./nestedMerge/EQ_oddEQ_UnchLoop/libA: unknown,0.0000   ; unknown,0.0000   ; unknown,0.0000  
./nestedMerge/EQ_oddEQ_divide/libA: equiv,0.1617   ; unknown,0.0000   ; equiv,0.1369  
./nestedMerge/EQ_oddEQ_getSign2/libA: equiv,0.8916   ; unknown,0.0000   ; equiv,0.1425  
./nestedMerge/EQ_oddEQ_is_prime1/libA: equiv,0.9646   ; unknown,0.0000   ; equiv,0.0874  
./nestedMerge/EQ_oddEQ_is_prime2/libA: equiv,1.0613   ; unknown,0.0000   ; not equiv,0.6742  
./nestedMerge/EQ_oddEQ_is_prime3/libA: equiv,24.0126  ; unknown,0.0000   ; equiv,0.7226  
./nestedMerge/EQ_oddEQ_ltfive/libA: not equiv,0.4456   ; unknown,0.0000   ; not equiv,0.3110  
./nestedMerge/EQ_oddEQ_ltfiveBound/libA: equiv,1.2007   ; unknown,0.0000   ; equiv,0.2683  
./nestedMerge/EQ_oddEQ_multiple/libA: not equiv,0.4393   ; unknown,0.0000   ; not equiv,0.2185  
./nestedMerge/EQ_oddEQ_multipleBound/libA: equiv,1.0069   ; unknown,0.0000   ; equiv,0.3214  
./nestedMerge/EQ_oddEQ_odd/libA: equiv,12.2906  ; unknown,0.0000   ; timeout,300.0000
./nestedMerge/EQ_oddEQ_one/libA: not equiv,0.3608   ; unknown,0.0000   ; not equiv,0.1879  
./nestedMerge/EQ_oddEQ_oneBound/libA: equiv,1.1272   ; unknown,0.0000   ; equiv,0.2233  
./nestedMerge/EQ_oddEQ_oneN2/libA: equiv,1.0445   ; unknown,0.0000   ; equiv,0.1951  
./nestedMerge/EQ_oddEQ_pos/libA: equiv,11.2432  ; unknown,0.0000   ; timeout,300.0000
./nestedMerge/EQ_oddEQ_pos2/libA: equiv,11.3289  ; unknown,0.0000   ; timeout,300.0000
./nestedMerge/EQ_oddEQ_pos3/libA: equiv,0.9848   ; unknown,0.0000   ; equiv,0.1248  
./nestedMerge/EQ_oddEXTRA_ultra_prime_sum/libA: equiv,78.3499  ; unknown,0.0000   ; timeout,300.0000
./nestedMerge/EQ_oddNEQ_LoopMult20/libA: equiv,1.5856   ; unknown,0.0000   ; equiv,0.3381  
./nestedMerge/EQ_oddNEQ_LoopUnreach20/libA: not equiv,0.3587   ; unknown,0.0000   ; not equiv,0.1307  
./nestedMerge/EQ_oddNEQ_getSign/libA: not equiv,0.3437   ; unknown,0.0000   ; not equiv,0.1263  
./nestedMerge/EQ_oneBoundEQ_UnchLoop/libA: unknown,0.0000   ; unknown,0.0000   ; unknown,0.0000  
./nestedMerge/EQ_oneBoundEQ_is_prime2/libA: equiv,1.3785   ; unknown,0.0000   ; equiv,1.9166  
./nestedMerge/EQ_oneBoundEQ_odd/libA: equiv,12.2272  ; unknown,0.0000   ; timeout,300.0000
./nestedMerge/EQ_oneBoundEQ_pos/libA: equiv,6.1178   ; unknown,0.0000   ; equiv,14.8891 
./nestedMerge/EQ_oneBoundEQ_pos2/libA: equiv,11.4012  ; unknown,0.0000   ; timeout,300.0000
./nestedMerge/EQ_oneBoundEXTRA_ultra_prime_sum/libA: equiv,151.2429 ; unknown,0.0000   ; equiv,6.7212  
./nestedMerge/EQ_oneEQ_UnchLoop/libA: unknown,0.0000   ; unknown,0.0000   ; unknown,0.0000  
./nestedMerge/EQ_oneEQ_is_prime2/libA: equiv,17.0069  ; unknown,0.0000   ; equiv,2.1554  
./nestedMerge/EQ_oneEQ_odd/libA: equiv,13.5130  ; unknown,0.0000   ; timeout,300.0000
./nestedMerge/EQ_oneEQ_pos/libA: equiv,14.2787  ; unknown,0.0000   ; timeout,300.0000
./nestedMerge/EQ_oneEQ_pos2/libA: equiv,25.9034  ; unknown,0.0000   ; timeout,300.0000
./nestedMerge/EQ_oneEXTRA_ultra_prime_sum/libA: equiv,151.6593 ; unknown,0.0000   ; timeout,300.0000
./nestedMerge/EQ_oneN2EQ_UnchLoop/libA: unknown,0.0000   ; unknown,0.0000   ; unknown,0.0000  
./nestedMerge/EQ_oneN2EQ_is_prime2/libA: equiv,17.7812  ; unknown,0.0000   ; equiv,2.1635  
./nestedMerge/EQ_oneN2EQ_odd/libA: equiv,13.5302  ; unknown,0.0000   ; timeout,300.0000
./nestedMerge/EQ_oneN2EQ_pos/libA: equiv,14.3526  ; unknown,0.0000   ; timeout,300.0000
./nestedMerge/EQ_oneN2EQ_pos2/libA: equiv,25.7061  ; unknown,0.0000   ; timeout,300.0000
./nestedMerge/EQ_oneN2EXTRA_ultra_prime_sum/libA: equiv,145.5884 ; unknown,0.0000   ; timeout,300.0000
./nestedMerge/EQ_pos2EQ_Add/libA: unknown,0.0000   ; unknown,0.0000   ; unknown,0.0000  
./nestedMerge/EQ_pos2EQ_Const/libA: unknown,0.0000   ; unknown,0.0000   ; unknown,0.0000  
./nestedMerge/EQ_pos2EQ_LoopMult20/libA: equiv,1.0039   ; unknown,0.0000   ; equiv,0.1311  
./nestedMerge/EQ_pos2EQ_LoopUnreach20/libA: equiv,0.9917   ; unknown,0.0000   ; equiv,0.1304  
./nestedMerge/EQ_pos2EQ_UnchLoop/libA: unknown,0.0000   ; unknown,0.0000   ; unknown,0.0000  
./nestedMerge/EQ_pos2EQ_divide/libA: equiv,0.2099   ; unknown,0.0000   ; equiv,0.1305  
./nestedMerge/EQ_pos2EQ_getSign2/libA: equiv,0.8457   ; unknown,0.0000   ; equiv,0.1181  
./nestedMerge/EQ_pos2EQ_is_prime1/libA: equiv,1.1410   ; unknown,0.0000   ; equiv,0.1144  
./nestedMerge/EQ_pos2EQ_is_prime2/libA: equiv,1.1686   ; unknown,0.0000   ; equiv,1.3070  
./nestedMerge/EQ_pos2EQ_is_prime3/libA: equiv,4.0273   ; unknown,0.0000   ; equiv,1.3835  
./nestedMerge/EQ_pos2EQ_ltfive/libA: not equiv,0.6581   ; unknown,0.0000   ; not equiv,0.2253  
./nestedMerge/EQ_pos2EQ_ltfiveBound/libA: equiv,1.3893   ; unknown,0.0000   ; equiv,0.2415  
./nestedMerge/EQ_pos2EQ_multiple/libA: not equiv,0.4711   ; unknown,0.0000   ; not equiv,0.3919  
./nestedMerge/EQ_pos2EQ_multipleBound/libA: equiv,1.3043   ; unknown,0.0000   ; equiv,0.4487  
./nestedMerge/EQ_pos2EQ_odd/libA: equiv,11.3925  ; unknown,0.0000   ; timeout,300.0000
./nestedMerge/EQ_pos2EQ_one/libA: not equiv,0.4426   ; unknown,0.0000   ; not equiv,0.1778  
./nestedMerge/EQ_pos2EQ_oneBound/libA: equiv,1.2374   ; unknown,0.0000   ; equiv,0.2319  
./nestedMerge/EQ_pos2EQ_oneN2/libA: equiv,1.1352   ; unknown,0.0000   ; not equiv,0.1967  
./nestedMerge/EQ_pos2EQ_pos/libA: equiv,0.9398   ; unknown,0.0000   ; timeout,300.0000
./nestedMerge/EQ_pos2EQ_pos2/libA: equiv,11.3925  ; unknown,0.0000   ; timeout,300.0000
./nestedMerge/EQ_pos2EQ_pos3/libA: equiv,0.9890   ; unknown,0.0000   ; equiv,0.1293  
./nestedMerge/EQ_pos2EXTRA_ultra_prime_sum/libA: equiv,109.5066 ; unknown,0.0000   ; equiv,0.1682  
./nestedMerge/EQ_pos2NEQ_LoopMult20/libA: equiv,0.9729   ; unknown,0.0000   ; equiv,0.1300  
./nestedMerge/EQ_pos2NEQ_LoopUnreach20/libA: equiv,0.8781   ; unknown,0.0000   ; equiv,0.1307  
./nestedMerge/EQ_pos2NEQ_getSign/libA: not equiv,0.3746   ; unknown,0.0000   ; not equiv,0.1658  
./nestedMerge/EQ_pos3EQ_UnchLoop/libA: unknown,0.0000   ; unknown,0.0000   ; unknown,0.0000  
./nestedMerge/EQ_pos3EQ_is_prime2/libA: equiv,1.0173   ; unknown,0.0000   ; equiv,0.7499  
./nestedMerge/EQ_pos3EQ_odd/libA: equiv,11.2590  ; unknown,0.0000   ; equiv,27.5841 
./nestedMerge/EQ_pos3EQ_pos/libA: equiv,0.8353   ; unknown,0.0000   ; timeout,300.0000
./nestedMerge/EQ_pos3EQ_pos2/libA: equiv,11.3319  ; unknown,0.0000   ; timeout,300.0000
./nestedMerge/EQ_pos3EXTRA_ultra_prime_sum/libA: equiv,42.4293  ; unknown,0.0000   ; equiv,0.1431  
./nestedMerge/EQ_posEQ_Add/libA: unknown,0.0000   ; unknown,0.0000   ; unknown,0.0000  
./nestedMerge/EQ_posEQ_Const/libA: unknown,0.0000   ; unknown,0.0000   ; unknown,0.0000  
./nestedMerge/EQ_posEQ_LoopMult20/libA: equiv,0.9704   ; unknown,0.0000   ; equiv,0.1319  
./nestedMerge/EQ_posEQ_LoopUnreach20/libA: equiv,0.9733   ; unknown,0.0000   ; equiv,0.1304  
./nestedMerge/EQ_posEQ_UnchLoop/libA: unknown,0.0000   ; unknown,0.0000   ; unknown,0.0000  
./nestedMerge/EQ_posEQ_divide/libA: equiv,0.2088   ; unknown,0.0000   ; equiv,0.1302  
./nestedMerge/EQ_posEQ_getSign2/libA: equiv,0.8438   ; unknown,0.0000   ; equiv,0.1180  
./nestedMerge/EQ_posEQ_is_prime1/libA: equiv,1.0349   ; unknown,0.0000   ; equiv,0.1132  
./nestedMerge/EQ_posEQ_is_prime2/libA: equiv,1.1525   ; unknown,0.0000   ; equiv,1.2947  
./nestedMerge/EQ_posEQ_is_prime3/libA: equiv,3.4832   ; unknown,0.0000   ; equiv,1.3826  
./nestedMerge/EQ_posEQ_ltfive/libA: not equiv,0.6600   ; unknown,0.0000   ; not equiv,0.2250  
./nestedMerge/EQ_posEQ_ltfiveBound/libA: equiv,1.3913   ; unknown,0.0000   ; equiv,0.2411  
./nestedMerge/EQ_posEQ_multiple/libA: not equiv,0.4736   ; unknown,0.0000   ; not equiv,0.3921  
./nestedMerge/EQ_posEQ_multipleBound/libA: equiv,1.2937   ; unknown,0.0000   ; equiv,0.4485  
./nestedMerge/EQ_posEQ_odd/libA: equiv,11.3762  ; unknown,0.0000   ; timeout,300.0000
./nestedMerge/EQ_posEQ_one/libA: not equiv,0.4374   ; unknown,0.0000   ; not equiv,0.1793  
./nestedMerge/EQ_posEQ_oneBound/libA: equiv,1.2345   ; unknown,0.0000   ; equiv,0.2315  
./nestedMerge/EQ_posEQ_oneN2/libA: equiv,1.1266   ; unknown,0.0000   ; not equiv,0.1964  
./nestedMerge/EQ_posEQ_pos/libA: equiv,0.9299   ; unknown,0.0000   ; timeout,300.0000
./nestedMerge/EQ_posEQ_pos2/libA: equiv,11.4023  ; unknown,0.0000   ; timeout,300.0000
./nestedMerge/EQ_posEQ_pos3/libA: equiv,1.0059   ; unknown,0.0000   ; equiv,0.1295  
./nestedMerge/EQ_posEXTRA_ultra_prime_sum/libA: equiv,114.8765 ; unknown,0.0000   ; equiv,0.1991  
./nestedMerge/EQ_posNEQ_LoopMult20/libA: equiv,0.9861   ; unknown,0.0000   ; equiv,0.1301  
./nestedMerge/EQ_posNEQ_LoopUnreach20/libA: equiv,0.8874   ; unknown,0.0000   ; equiv,0.1302  
./nestedMerge/EQ_posNEQ_getSign/libA: not equiv,0.3754   ; unknown,0.0000   ; not equiv,0.1678  
./nestedMerge/EXTRA_ultra_prime_sumEQ_Add/libA: unknown,0.0000   ; unknown,0.0000   ; unknown,0.0000  
./nestedMerge/EXTRA_ultra_prime_sumEQ_Const/libA: unknown,0.0000   ; unknown,0.0000   ; unknown,0.0000  
./nestedMerge/EXTRA_ultra_prime_sumEQ_LoopMult20/libA: equiv,3.3270   ; unknown,0.0000   ; timeout,300.0000
./nestedMerge/EXTRA_ultra_prime_sumEQ_LoopUnreach20/libA: equiv,2.1047   ; unknown,0.0000   ; timeout,300.0000
./nestedMerge/EXTRA_ultra_prime_sumEQ_UnchLoop/libA: unknown,0.0000   ; unknown,0.0000   ; unknown,0.0000  
./nestedMerge/EXTRA_ultra_prime_sumEQ_divide/libA: equiv,0.4521   ; unknown,0.0000   ; timeout,300.0000
./nestedMerge/EXTRA_ultra_prime_sumEQ_getSign2/libA: equiv,1.9092   ; unknown,0.0000   ; timeout,300.0000
./nestedMerge/EXTRA_ultra_prime_sumEQ_is_prime1/libA: equiv,2.0577   ; unknown,0.0000   ; timeout,300.0000
./nestedMerge/EXTRA_ultra_prime_sumEQ_is_prime2/libA: equiv,3.3360   ; unknown,0.0000   ; not equiv,0.6476  
./nestedMerge/EXTRA_ultra_prime_sumEQ_is_prime3/libA: equiv,3.7873   ; unknown,0.0000   ; timeout,300.0000
./nestedMerge/EXTRA_ultra_prime_sumEQ_ltfive/libA: equiv,89.1541  ; unknown,0.0000   ; timeout,300.0000
./nestedMerge/EXTRA_ultra_prime_sumEQ_ltfiveBound/libA: equiv,3.7266   ; unknown,0.0000   ; timeout,300.0000
./nestedMerge/EXTRA_ultra_prime_sumEQ_multiple/libA: timeout,300.0000 ; unknown,0.0000   ; timeout,300.0000
./nestedMerge/EXTRA_ultra_prime_sumEQ_multipleBound/libA: equiv,1.9583   ; unknown,0.0000   ; timeout,300.0000
./nestedMerge/EXTRA_ultra_prime_sumEQ_odd/libA: equiv,24.1563  ; unknown,0.0000   ; timeout,300.0000
./nestedMerge/EXTRA_ultra_prime_sumEQ_one/libA: not equiv,1.2177   ; unknown,0.0000   ; not equiv,0.1254  
./nestedMerge/EXTRA_ultra_prime_sumEQ_oneBound/libA: equiv,3.6680   ; unknown,0.0000   ; timeout,300.0000
./nestedMerge/EXTRA_ultra_prime_sumEQ_oneN2/libA: equiv,3.3799   ; unknown,0.0000   ; timeout,300.0000
./nestedMerge/EXTRA_ultra_prime_sumEQ_pos/libA: equiv,33.7847  ; unknown,0.0000   ; timeout,300.0000
./nestedMerge/EXTRA_ultra_prime_sumEQ_pos2/libA: equiv,33.4161  ; unknown,0.0000   ; timeout,300.0000
./nestedMerge/EXTRA_ultra_prime_sumEQ_pos3/libA: equiv,1.9403   ; unknown,0.0000   ; timeout,300.0000
./nestedMerge/EXTRA_ultra_prime_sumEXTRA_ultra_prime_sum/libA: unknown,0.0000   ; unknown,0.0000   ; timeout,300.0000
./nestedMerge/EXTRA_ultra_prime_sumNEQ_LoopMult20/libA: equiv,58.5660  ; unknown,0.0000   ; timeout,300.0000
./nestedMerge/EXTRA_ultra_prime_sumNEQ_LoopUnreach20/libA: not equiv,4.0615   ; unknown,0.0000   ; not equiv,0.2531  
./nestedMerge/EXTRA_ultra_prime_sumNEQ_getSign/libA: not equiv,0.8996   ; unknown,0.0000   ; not equiv,0.1204  
./nestedMerge/NEQ_LoopMult20EQ_UnchLoop/libA: unknown,0.0000   ; unknown,0.0000   ; unknown,0.0000  
./nestedMerge/NEQ_LoopMult20EQ_is_prime2/libA: equiv,1.1006   ; unknown,0.0000   ; not equiv,0.3862  
./nestedMerge/NEQ_LoopMult20EQ_odd/libA: equiv,1.0600   ; unknown,0.0000   ; equiv,0.2387  
./nestedMerge/NEQ_LoopMult20EQ_pos/libA: equiv,1.1659   ; unknown,0.0000   ; equiv,0.3976  
./nestedMerge/NEQ_LoopMult20EQ_pos2/libA: equiv,11.3156  ; unknown,0.0000   ; equiv,0.4260  
./nestedMerge/NEQ_LoopMult20EXTRA_ultra_prime_sum/libA: equiv,42.5764  ; unknown,0.0000   ; equiv,0.3753  
./nestedMerge/NEQ_LoopUnreach20EQ_UnchLoop/libA: unknown,0.0000   ; unknown,0.0000   ; unknown,0.0000  
./nestedMerge/NEQ_LoopUnreach20EQ_is_prime2/libA: equiv,1.1049   ; unknown,0.0000   ; not equiv,0.3843  
./nestedMerge/NEQ_LoopUnreach20EQ_odd/libA: equiv,1.0531   ; unknown,0.0000   ; equiv,0.2394  
./nestedMerge/NEQ_LoopUnreach20EQ_pos/libA: equiv,1.1734   ; unknown,0.0000   ; equiv,0.3964  
./nestedMerge/NEQ_LoopUnreach20EQ_pos2/libA: equiv,11.3173  ; unknown,0.0000   ; equiv,0.4187  
./nestedMerge/NEQ_LoopUnreach20EXTRA_ultra_prime_sum/libA: equiv,42.5671  ; unknown,0.0000   ; equiv,0.3740  
./nestedMerge/NEQ_getSignEQ_UnchLoop/libA: unknown,0.0000   ; unknown,0.0000   ; unknown,0.0000  
./nestedMerge/NEQ_getSignEQ_is_prime2/libA: equiv,1.0341   ; unknown,0.0000   ; not equiv,0.6767  
./nestedMerge/NEQ_getSignEQ_odd/libA: equiv,12.1930  ; unknown,0.0000   ; timeout,300.0000
./nestedMerge/NEQ_getSignEQ_pos/libA: equiv,11.2508  ; unknown,0.0000   ; timeout,300.0000
./nestedMerge/NEQ_getSignEQ_pos2/libA: equiv,11.3056  ; unknown,0.0000   ; timeout,300.0000
./nestedMerge/NEQ_getSignEXTRA_ultra_prime_sum/libA: equiv,78.4634  ; unknown,0.0000   ; timeout,300.0000
