./merged/EQ_AddEQ_Add/back: 0.1154  ,0.1154  ,,0.1130  
./merged/EQ_AddEQ_Add/forward: 0.1153  ,0.1138  ,,0.0790  
./merged/EQ_AddEQ_Const/back: 0.1165  ,0.1198  ,,0.0924  
./merged/EQ_AddEQ_Const/forward: 0.1150  ,0.1186  ,,0.0844  
./merged/EQ_AddEQ_LoopMult10/back: 0.3268  ,0.3341  ,,0.2449  
./merged/EQ_AddEQ_LoopMult10/forward: 0.1689  ,0.1696  ,,0.1385  
./merged/EQ_AddEQ_LoopMult15/back: 0.3264  ,0.3359  ,,0.2644  
./merged/EQ_AddEQ_LoopMult15/forward: 0.1695  ,0.1706  ,,0.1334  
./merged/EQ_AddEQ_LoopMult2/back: 0.3137  ,0.3032  ,,0.1399  
./merged/EQ_AddEQ_LoopMult2/forward: 0.1165  ,0.1190  ,,0.0947  
./merged/EQ_AddEQ_LoopMult20/back: 0.3372  ,0.3153  ,,0.3199  
./merged/EQ_AddEQ_LoopMult20/forward: 0.1692  ,0.1653  ,,0.1377  
./merged/EQ_AddEQ_LoopMult5/back: 0.3280  ,0.3223  ,,0.2210  
./merged/EQ_AddEQ_LoopMult5/forward: 0.1673  ,0.1711  ,,0.1325  
./merged/EQ_AddEQ_LoopUnreach10/back: 0.2039  ,0.1943  ,,0.1259  
./merged/EQ_AddEQ_LoopUnreach10/forward: 0.1723  ,0.1760  ,,0.1198  
./merged/EQ_AddEQ_LoopUnreach15/back: 0.2022  ,0.2026  ,,0.1461  
./merged/EQ_AddEQ_LoopUnreach15/forward: 0.1720  ,0.1667  ,,0.1131  
./merged/EQ_AddEQ_LoopUnreach2/back: 0.1252  ,0.1293  ,,0.0962  
./merged/EQ_AddEQ_LoopUnreach2/forward: 0.1176  ,0.1177  ,,0.0964  
./merged/EQ_AddEQ_LoopUnreach20/back: 0.2004  ,0.2044  ,,0.1223  
./merged/EQ_AddEQ_LoopUnreach20/forward: 0.1669  ,0.1717  ,,0.1138  
./merged/EQ_AddEQ_LoopUnreach5/back: 0.1982  ,0.1969  ,,0.1208  
./merged/EQ_AddEQ_LoopUnreach5/forward: 0.1701  ,0.1709  ,,0.1205  
./merged/EQ_AddEQ_UnchLoop/back: 0.1299  ,0.1311  ,,0.0929  
./merged/EQ_AddEQ_UnchLoop/forward: 0.1160  ,0.1162  ,,0.0923  
./merged/EQ_AddEQ_divide/back: 0.0000  ,0.0000  ,,0.0000  
./merged/EQ_AddEQ_divide/forward: 0.1764  ,0.1790  ,,0.1316  
./merged/EQ_AddEQ_getSign2/back: 0.0000  ,0.0000  ,,0.0000  
./merged/EQ_AddEQ_getSign2/forward: 0.1686  ,0.1673  ,,0.1283  
./merged/EQ_AddEQ_is_prime1/back: 0.0000  ,0.0000  ,,0.0000  
./merged/EQ_AddEQ_is_prime1/forward: 0.1378  ,0.1391  ,,0.1125  
./merged/EQ_AddEQ_is_prime3/back: 0.0000  ,0.0000  ,,0.0000  
./merged/EQ_AddEQ_is_prime3/forward: 0.2672  ,0.2611  ,,0.1044  
./merged/EQ_AddEQ_ltfive/back: 0.0000  ,0.0000  ,,0.0000  
./merged/EQ_AddEQ_ltfive/forward: 0.2335  ,0.2355  ,,0.1298  
./merged/EQ_AddEQ_ltfiveBound/back: 0.0000  ,0.0000  ,,0.0000  
./merged/EQ_AddEQ_ltfiveBound/forward: 0.2775  ,0.2750  ,,0.1473  
./merged/EQ_AddEQ_multiple/back: 0.0000  ,0.0000  ,,0.0000  
./merged/EQ_AddEQ_multiple/forward: 0.1831  ,0.1896  ,,0.1378  
./merged/EQ_AddEQ_multipleBound/back: 0.0000  ,0.0000  ,,0.0000  
./merged/EQ_AddEQ_multipleBound/forward: 0.2099  ,0.2161  ,,0.1461  
./merged/EQ_AddEQ_odd/back: 0.0000  ,0.0000  ,,0.0000  
./merged/EQ_AddEQ_odd/forward: 0.1771  ,0.1740  ,,0.1314  
./merged/EQ_AddEQ_one/back: 0.0000  ,0.0000  ,,0.0000  
./merged/EQ_AddEQ_one/forward: 0.1928  ,0.1794  ,,0.1342  
./merged/EQ_AddEQ_oneBound/back: 0.0000  ,0.0000  ,,0.0000  
./merged/EQ_AddEQ_oneBound/forward: 0.2029  ,0.2242  ,,0.1504  
./merged/EQ_AddEQ_oneN2/back: 0.0000  ,0.0000  ,,0.0000  
./merged/EQ_AddEQ_oneN2/forward: 0.1893  ,0.1884  ,,0.1287  
./merged/EQ_AddEQ_pos/back: 0.0000  ,0.0000  ,,0.0000  
./merged/EQ_AddEQ_pos/forward: 0.1956  ,0.1951  ,,0.1393  
./merged/EQ_AddEQ_pos2/back: 0.0000  ,0.0000  ,,0.0000  
./merged/EQ_AddEQ_pos2/forward: 0.2002  ,0.2034  ,,0.1326  
./merged/EQ_AddEQ_pos3/back: 0.0000  ,0.0000  ,,0.0000  
./merged/EQ_AddEQ_pos3/forward: 0.1662  ,0.1694  ,,0.1314  
./merged/EQ_AddNEQ_LoopMult10/back: 0.3312  ,0.3552  ,,0.1743  
./merged/EQ_AddNEQ_LoopMult10/forward: 0.1648  ,0.1629  ,,0.1137  
./merged/EQ_AddNEQ_LoopMult15/back: 0.3384  ,0.3246  ,,0.1613  
./merged/EQ_AddNEQ_LoopMult15/forward: 0.1691  ,0.1723  ,,0.1199  
./merged/EQ_AddNEQ_LoopMult2/back: 0.2860  ,0.3092  ,,0.1399  
./merged/EQ_AddNEQ_LoopMult2/forward: 0.1167  ,0.1151  ,,0.0978  
./merged/EQ_AddNEQ_LoopMult20/back: 0.3401  ,0.3563  ,,0.1710  
./merged/EQ_AddNEQ_LoopMult20/forward: 0.1645  ,0.1743  ,,0.1134  
./merged/EQ_AddNEQ_LoopMult5/back: 0.3296  ,0.3485  ,,0.1689  
./merged/EQ_AddNEQ_LoopMult5/forward: 0.1704  ,0.1703  ,,0.1153  
./merged/EQ_AddNEQ_LoopUnreach10/back: 0.4829  ,0.4681  ,,0.1244  
./merged/EQ_AddNEQ_LoopUnreach10/forward: 0.1682  ,0.1687  ,,0.1223  
./merged/EQ_AddNEQ_LoopUnreach15/back: 0.4835  ,0.4912  ,,0.1228  
./merged/EQ_AddNEQ_LoopUnreach15/forward: 0.1650  ,0.1676  ,,0.1115  
./merged/EQ_AddNEQ_LoopUnreach2/back: 0.3607  ,0.3544  ,,0.1075  
./merged/EQ_AddNEQ_LoopUnreach2/forward: 0.1184  ,0.1149  ,,0.0921  
./merged/EQ_AddNEQ_LoopUnreach20/back: 0.4758  ,0.4760  ,,0.1292  
./merged/EQ_AddNEQ_LoopUnreach20/forward: 0.1757  ,0.1654  ,,0.1151  
./merged/EQ_AddNEQ_LoopUnreach5/back: 0.4709  ,0.4622  ,,0.1293  
./merged/EQ_AddNEQ_LoopUnreach5/forward: 0.1707  ,0.1695  ,,0.1174  
./merged/EQ_AddNEQ_getSign/back: 0.0000  ,0.0000  ,,0.0000  
./merged/EQ_AddNEQ_getSign/forward: 0.1434  ,0.1412  ,,0.1190  
./merged/EQ_ConstEQ_Add/back: 0.1146  ,0.1133  ,,0.0933  
./merged/EQ_ConstEQ_Add/forward: 0.1174  ,0.1196  ,,0.0866  
./merged/EQ_ConstEQ_Const/back: 0.1166  ,0.1195  ,,0.0839  
./merged/EQ_ConstEQ_Const/forward: 0.1202  ,0.1198  ,,0.0874  
./merged/EQ_ConstEQ_LoopMult10/back: 0.3439  ,0.3389  ,,0.2533  
./merged/EQ_ConstEQ_LoopMult10/forward: 0.1714  ,0.1752  ,,0.1410  
./merged/EQ_ConstEQ_LoopMult15/back: 0.3353  ,0.3453  ,,0.2820  
./merged/EQ_ConstEQ_LoopMult15/forward: 0.1694  ,0.1738  ,,0.1406  
./merged/EQ_ConstEQ_LoopMult2/back: 0.2983  ,0.3020  ,,0.1263  
./merged/EQ_ConstEQ_LoopMult2/forward: 0.1206  ,0.1192  ,,0.0956  
./merged/EQ_ConstEQ_LoopMult20/back: 0.3409  ,0.3394  ,,0.3199  
./merged/EQ_ConstEQ_LoopMult20/forward: 0.1717  ,0.1721  ,,0.1408  
./merged/EQ_ConstEQ_LoopMult5/back: 0.3434  ,0.3380  ,,0.2157  
./merged/EQ_ConstEQ_LoopMult5/forward: 0.1706  ,0.1696  ,,0.1430  
./merged/EQ_ConstEQ_LoopUnreach10/back: 0.1990  ,0.2012  ,,0.1218  
./merged/EQ_ConstEQ_LoopUnreach10/forward: 0.1749  ,0.1745  ,,0.1140  
./merged/EQ_ConstEQ_LoopUnreach15/back: 0.2025  ,0.2044  ,,0.1440  
./merged/EQ_ConstEQ_LoopUnreach15/forward: 0.1734  ,0.1695  ,,0.1161  
./merged/EQ_ConstEQ_LoopUnreach2/back: 0.1289  ,0.1275  ,,0.0973  
./merged/EQ_ConstEQ_LoopUnreach2/forward: 0.1234  ,0.1178  ,,0.0941  
./merged/EQ_ConstEQ_LoopUnreach20/back: 0.2029  ,0.2046  ,,0.1284  
./merged/EQ_ConstEQ_LoopUnreach20/forward: 0.1696  ,0.1715  ,,0.1091  
./merged/EQ_ConstEQ_LoopUnreach5/back: 0.1953  ,0.2012  ,,0.1470  
./merged/EQ_ConstEQ_LoopUnreach5/forward: 0.1700  ,0.1735  ,,0.1136  
./merged/EQ_ConstEQ_UnchLoop/back: 0.1294  ,0.1353  ,,0.0857  
./merged/EQ_ConstEQ_UnchLoop/forward: 0.1213  ,0.1173  ,,0.0838  
./merged/EQ_ConstEQ_divide/back: 0.0000  ,0.0000  ,,0.0000  
./merged/EQ_ConstEQ_divide/forward: 0.1836  ,0.1801  ,,0.1446  
./merged/EQ_ConstEQ_getSign2/back: 0.0000  ,0.0000  ,,0.0000  
./merged/EQ_ConstEQ_getSign2/forward: 0.1694  ,0.1664  ,,0.1311  
./merged/EQ_ConstEQ_is_prime1/back: 0.0000  ,0.0000  ,,0.0000  
./merged/EQ_ConstEQ_is_prime1/forward: 0.1398  ,0.1368  ,,0.1152  
./merged/EQ_ConstEQ_is_prime3/back: 0.0000  ,0.0000  ,,0.0000  
./merged/EQ_ConstEQ_is_prime3/forward: 0.2525  ,0.2695  ,,0.1078  
./merged/EQ_ConstEQ_ltfive/back: 0.0000  ,0.0000  ,,0.0000  
./merged/EQ_ConstEQ_ltfive/forward: 0.2422  ,0.2351  ,,0.1338  
./merged/EQ_ConstEQ_ltfiveBound/back: 0.0000  ,0.0000  ,,0.0000  
./merged/EQ_ConstEQ_ltfiveBound/forward: 0.2784  ,0.2833  ,,0.1472  
./merged/EQ_ConstEQ_multiple/back: 0.0000  ,0.0000  ,,0.0000  
./merged/EQ_ConstEQ_multiple/forward: 0.1872  ,0.1829  ,,0.1343  
./merged/EQ_ConstEQ_multipleBound/back: 0.0000  ,0.0000  ,,0.0000  
./merged/EQ_ConstEQ_multipleBound/forward: 0.2129  ,0.2108  ,,0.1470  
./merged/EQ_ConstEQ_odd/back: 0.0000  ,0.0000  ,,0.0000  
./merged/EQ_ConstEQ_odd/forward: 0.1758  ,0.1766  ,,0.1286  
./merged/EQ_ConstEQ_one/back: 0.0000  ,0.0000  ,,0.0000  
./merged/EQ_ConstEQ_one/forward: 0.1920  ,0.1876  ,,0.1365  
./merged/EQ_ConstEQ_oneBound/back: 0.0000  ,0.0000  ,,0.0000  
./merged/EQ_ConstEQ_oneBound/forward: 0.2235  ,0.2203  ,,0.1457  
./merged/EQ_ConstEQ_oneN2/back: 0.0000  ,0.0000  ,,0.0000  
./merged/EQ_ConstEQ_oneN2/forward: 0.1879  ,0.1938  ,,0.1353  
./merged/EQ_ConstEQ_pos/back: 0.0000  ,0.0000  ,,0.0000  
./merged/EQ_ConstEQ_pos/forward: 0.1986  ,0.2019  ,,0.1350  
./merged/EQ_ConstEQ_pos2/back: 0.0000  ,0.0000  ,,0.0000  
./merged/EQ_ConstEQ_pos2/forward: 0.2033  ,0.2003  ,,0.1265  
./merged/EQ_ConstEQ_pos3/back: 0.0000  ,0.0000  ,,0.0000  
./merged/EQ_ConstEQ_pos3/forward: 0.1688  ,0.1728  ,,0.1300  
./merged/EQ_ConstNEQ_LoopMult10/back: 0.3502  ,0.3333  ,,0.1738  
./merged/EQ_ConstNEQ_LoopMult10/forward: 0.1700  ,0.1684  ,,0.1118  
./merged/EQ_ConstNEQ_LoopMult15/back: 0.3559  ,0.3394  ,,0.1767  
./merged/EQ_ConstNEQ_LoopMult15/forward: 0.1749  ,0.1732  ,,0.1194  
./merged/EQ_ConstNEQ_LoopMult2/back: 0.3073  ,0.2972  ,,0.1383  
./merged/EQ_ConstNEQ_LoopMult2/forward: 0.1200  ,0.1174  ,,0.0942  
./merged/EQ_ConstNEQ_LoopMult20/back: 0.3269  ,0.3336  ,,0.1687  
./merged/EQ_ConstNEQ_LoopMult20/forward: 0.1705  ,0.1722  ,,0.1122  
./merged/EQ_ConstNEQ_LoopMult5/back: 0.3315  ,0.3370  ,,0.1690  
./merged/EQ_ConstNEQ_LoopMult5/forward: 0.1747  ,0.1733  ,,0.1161  
./merged/EQ_ConstNEQ_LoopUnreach10/back: 0.4700  ,0.4963  ,,0.1252  
./merged/EQ_ConstNEQ_LoopUnreach10/forward: 0.1733  ,0.1703  ,,0.1175  
./merged/EQ_ConstNEQ_LoopUnreach15/back: 0.4957  ,0.4757  ,,0.1266  
./merged/EQ_ConstNEQ_LoopUnreach15/forward: 0.1721  ,0.1679  ,,0.1159  
./merged/EQ_ConstNEQ_LoopUnreach2/back: 0.3600  ,0.3725  ,,0.1071  
./merged/EQ_ConstNEQ_LoopUnreach2/forward: 0.1188  ,0.1188  ,,0.0946  
./merged/EQ_ConstNEQ_LoopUnreach20/back: 0.4845  ,0.4791  ,,0.1349  
./merged/EQ_ConstNEQ_LoopUnreach20/forward: 0.1733  ,0.1733  ,,0.1151  
./merged/EQ_ConstNEQ_LoopUnreach5/back: 0.4702  ,0.4844  ,,0.1253  
./merged/EQ_ConstNEQ_LoopUnreach5/forward: 0.1693  ,0.1748  ,,0.1208  
./merged/EQ_ConstNEQ_getSign/back: 0.0000  ,0.0000  ,,0.0000  
./merged/EQ_ConstNEQ_getSign/forward: 0.1393  ,0.1414  ,,0.1190  
./merged/EQ_LoopMult10EQ_Add/back: 0.1501  ,0.1490  ,,0.1178  
./merged/EQ_LoopMult10EQ_Add/forward: 0.5753  ,0.5909  ,,0.2521  
./merged/EQ_LoopMult10EQ_Const/back: 0.1500  ,0.1513  ,,0.1468  
./merged/EQ_LoopMult10EQ_Const/forward: 0.5717  ,0.5892  ,,0.2580  
./merged/EQ_LoopMult10EQ_LoopMult10/back: 0.2217  ,0.2239  ,,0.4073  
./merged/EQ_LoopMult10EQ_LoopMult10/forward: 0.2309  ,0.2290  ,,0.4015  
./merged/EQ_LoopMult10EQ_LoopMult15/back: 0.2320  ,0.2278  ,,0.4269  
./merged/EQ_LoopMult10EQ_LoopMult15/forward: 0.2310  ,0.2340  ,,0.4196  
./merged/EQ_LoopMult10EQ_LoopMult2/back: 0.1793  ,0.1757  ,,0.2243  
./merged/EQ_LoopMult10EQ_LoopMult2/forward: 0.1823  ,0.1797  ,,0.2384  
./merged/EQ_LoopMult10EQ_LoopMult20/back: 0.2327  ,0.2308  ,,0.4969  
./merged/EQ_LoopMult10EQ_LoopMult20/forward: 0.2327  ,0.2358  ,,0.4950  
./merged/EQ_LoopMult10EQ_LoopMult5/back: 0.2277  ,0.2258  ,,0.3328  
./merged/EQ_LoopMult10EQ_LoopMult5/forward: 0.2237  ,0.2256  ,,0.3284  
./merged/EQ_LoopMult10EQ_LoopUnreach10/back: 0.2297  ,0.2320  ,,0.1677  
./merged/EQ_LoopMult10EQ_LoopUnreach10/forward: 0.2282  ,0.2284  ,,0.3988  
./merged/EQ_LoopMult10EQ_LoopUnreach15/back: 0.2319  ,0.2329  ,,0.1696  
./merged/EQ_LoopMult10EQ_LoopUnreach15/forward: 0.2313  ,0.2294  ,,0.4260  
./merged/EQ_LoopMult10EQ_LoopUnreach2/back: 0.1787  ,0.1782  ,,0.1475  
./merged/EQ_LoopMult10EQ_LoopUnreach2/forward: 0.1746  ,0.1776  ,,0.2123  
./merged/EQ_LoopMult10EQ_LoopUnreach20/back: 0.2320  ,0.2408  ,,0.1607  
./merged/EQ_LoopMult10EQ_LoopUnreach20/forward: 0.2285  ,0.2337  ,,0.5108  
./merged/EQ_LoopMult10EQ_LoopUnreach5/back: 0.2287  ,0.2328  ,,0.1663  
./merged/EQ_LoopMult10EQ_LoopUnreach5/forward: 0.2241  ,0.2269  ,,0.3398  
./merged/EQ_LoopMult10EQ_UnchLoop/back: 0.1980  ,0.2001  ,,0.2107  
./merged/EQ_LoopMult10EQ_UnchLoop/forward: 0.5882  ,0.5734  ,,0.2444  
./merged/EQ_LoopMult10EQ_divide/back: 0.0000  ,0.0000  ,,0.0000  
./merged/EQ_LoopMult10EQ_divide/forward: 0.8068  ,0.7547  ,,0.1833  
./merged/EQ_LoopMult10EQ_getSign2/back: 0.0000  ,0.0000  ,,0.0000  
./merged/EQ_LoopMult10EQ_getSign2/forward: 2.4106  ,2.2868  ,,180.0000
./merged/EQ_LoopMult10EQ_is_prime1/back: 0.0000  ,0.0000  ,,0.0000  
./merged/EQ_LoopMult10EQ_is_prime1/forward: 1.1662  ,1.0990  ,,180.0000
./merged/EQ_LoopMult10EQ_is_prime3/back: 0.0000  ,0.0000  ,,0.0000  
./merged/EQ_LoopMult10EQ_is_prime3/forward: 1.8308  ,1.7789  ,,0.0896  
./merged/EQ_LoopMult10EQ_ltfive/back: 0.0000  ,0.0000  ,,0.0000  
./merged/EQ_LoopMult10EQ_ltfive/forward: 5.3225  ,5.2600  ,,180.0000
./merged/EQ_LoopMult10EQ_ltfiveBound/back: 0.0000  ,0.0000  ,,0.0000  
./merged/EQ_LoopMult10EQ_ltfiveBound/forward: 5.1998  ,5.2009  ,,180.0000
./merged/EQ_LoopMult10EQ_multiple/back: 0.0000  ,0.0000  ,,0.0000  
./merged/EQ_LoopMult10EQ_multiple/forward: 2.4172  ,2.4416  ,,180.0000
./merged/EQ_LoopMult10EQ_multipleBound/back: 0.0000  ,0.0000  ,,0.0000  
./merged/EQ_LoopMult10EQ_multipleBound/forward: 2.4713  ,2.4690  ,,180.0000
./merged/EQ_LoopMult10EQ_odd/back: 0.0000  ,0.0000  ,,0.0000  
./merged/EQ_LoopMult10EQ_odd/forward: 2.3133  ,2.3076  ,,180.0000
./merged/EQ_LoopMult10EQ_one/back: 0.0000  ,0.0000  ,,0.0000  
./merged/EQ_LoopMult10EQ_one/forward: 5.9627  ,6.0551  ,,180.0000
./merged/EQ_LoopMult10EQ_oneBound/back: 0.0000  ,0.0000  ,,0.0000  
./merged/EQ_LoopMult10EQ_oneBound/forward: 6.1274  ,6.0002  ,,21.0676 
./merged/EQ_LoopMult10EQ_oneN2/back: 0.0000  ,0.0000  ,,0.0000  
./merged/EQ_LoopMult10EQ_oneN2/forward: 6.0000  ,5.9913  ,,180.0000
./merged/EQ_LoopMult10EQ_pos/back: 0.0000  ,0.0000  ,,0.0000  
./merged/EQ_LoopMult10EQ_pos/forward: 0.3791  ,0.3702  ,,0.2471  
./merged/EQ_LoopMult10EQ_pos2/back: 0.0000  ,0.0000  ,,0.0000  
./merged/EQ_LoopMult10EQ_pos2/forward: 0.3745  ,0.3784  ,,0.2431  
./merged/EQ_LoopMult10EQ_pos3/back: 0.0000  ,0.0000  ,,0.0000  
./merged/EQ_LoopMult10EQ_pos3/forward: 0.2635  ,0.2601  ,,0.2633  
./merged/EQ_LoopMult10NEQ_LoopMult10/back: 0.6301  ,0.6406  ,,0.2217  
./merged/EQ_LoopMult10NEQ_LoopMult10/forward: 0.2280  ,0.2264  ,,0.4024  
./merged/EQ_LoopMult10NEQ_LoopMult15/back: 0.7435  ,0.7311  ,,0.2608  
./merged/EQ_LoopMult10NEQ_LoopMult15/forward: 0.2327  ,0.2282  ,,0.4210  
./merged/EQ_LoopMult10NEQ_LoopMult2/back: 0.4690  ,0.4692  ,,0.1227  
./merged/EQ_LoopMult10NEQ_LoopMult2/forward: 0.1780  ,0.1768  ,,0.2021  
./merged/EQ_LoopMult10NEQ_LoopMult20/back: 0.6330  ,0.6380  ,,0.3125  
./merged/EQ_LoopMult10NEQ_LoopMult20/forward: 0.2338  ,0.2303  ,,0.4961  
./merged/EQ_LoopMult10NEQ_LoopMult5/back: 0.6998  ,0.6673  ,,0.1719  
./merged/EQ_LoopMult10NEQ_LoopMult5/forward: 0.2255  ,0.2232  ,,0.3300  
./merged/EQ_LoopMult10NEQ_LoopUnreach10/back: 0.5509  ,0.5373  ,,0.1445  
./merged/EQ_LoopMult10NEQ_LoopUnreach10/forward: 0.2270  ,0.2300  ,,0.3974  
./merged/EQ_LoopMult10NEQ_LoopUnreach15/back: 0.5721  ,0.5597  ,,0.1550  
./merged/EQ_LoopMult10NEQ_LoopUnreach15/forward: 0.2287  ,0.2231  ,,0.4184  
./merged/EQ_LoopMult10NEQ_LoopUnreach2/back: 0.4610  ,0.4675  ,,0.1294  
./merged/EQ_LoopMult10NEQ_LoopUnreach2/forward: 0.1790  ,0.1767  ,,0.2025  
./merged/EQ_LoopMult10NEQ_LoopUnreach20/back: 0.5437  ,0.5484  ,,0.1524  
./merged/EQ_LoopMult10NEQ_LoopUnreach20/forward: 0.2285  ,0.2271  ,,0.5017  
./merged/EQ_LoopMult10NEQ_LoopUnreach5/back: 0.5259  ,0.5331  ,,0.1463  
./merged/EQ_LoopMult10NEQ_LoopUnreach5/forward: 0.2274  ,0.2249  ,,0.3336  
./merged/EQ_LoopMult10NEQ_getSign/back: 0.0000  ,0.0000  ,,0.0000  
./merged/EQ_LoopMult10NEQ_getSign/forward: 2.4449  ,2.4457  ,,180.0000
./merged/EQ_LoopMult15EQ_Add/back: 0.1442  ,0.1423  ,,0.1441  
./merged/EQ_LoopMult15EQ_Add/forward: 0.5780  ,0.5721  ,,0.2657  
./merged/EQ_LoopMult15EQ_Const/back: 0.1477  ,0.1467  ,,0.1347  
./merged/EQ_LoopMult15EQ_Const/forward: 0.5672  ,0.5694  ,,0.2704  
./merged/EQ_LoopMult15EQ_LoopMult10/back: 0.2319  ,0.2340  ,,0.4200  
./merged/EQ_LoopMult15EQ_LoopMult10/forward: 0.2320  ,0.2309  ,,0.4209  
./merged/EQ_LoopMult15EQ_LoopMult15/back: 0.2341  ,0.2323  ,,0.4405  
./merged/EQ_LoopMult15EQ_LoopMult15/forward: 0.2311  ,0.2306  ,,0.4391  
./merged/EQ_LoopMult15EQ_LoopMult2/back: 0.1840  ,0.1791  ,,0.2535  
./merged/EQ_LoopMult15EQ_LoopMult2/forward: 0.1803  ,0.1762  ,,0.2523  
./merged/EQ_LoopMult15EQ_LoopMult20/back: 0.2300  ,0.2294  ,,0.5080  
./merged/EQ_LoopMult15EQ_LoopMult20/forward: 0.2322  ,0.2315  ,,0.5152  
./merged/EQ_LoopMult15EQ_LoopMult5/back: 0.2212  ,0.2243  ,,0.3552  
./merged/EQ_LoopMult15EQ_LoopMult5/forward: 0.2264  ,0.2256  ,,0.3563  
./merged/EQ_LoopMult15EQ_LoopUnreach10/back: 0.2315  ,0.2343  ,,0.1696  
./merged/EQ_LoopMult15EQ_LoopUnreach10/forward: 0.2319  ,0.2290  ,,0.4165  
./merged/EQ_LoopMult15EQ_LoopUnreach15/back: 0.2337  ,0.2395  ,,0.1628  
./merged/EQ_LoopMult15EQ_LoopUnreach15/forward: 0.2276  ,0.2341  ,,0.4345  
./merged/EQ_LoopMult15EQ_LoopUnreach2/back: 0.1758  ,0.1806  ,,0.1432  
./merged/EQ_LoopMult15EQ_LoopUnreach2/forward: 0.1784  ,0.1758  ,,0.2262  
./merged/EQ_LoopMult15EQ_LoopUnreach20/back: 0.2240  ,0.2349  ,,0.1645  
./merged/EQ_LoopMult15EQ_LoopUnreach20/forward: 0.2320  ,0.2283  ,,0.5107  
./merged/EQ_LoopMult15EQ_LoopUnreach5/back: 0.2293  ,0.2309  ,,0.1644  
./merged/EQ_LoopMult15EQ_LoopUnreach5/forward: 0.2237  ,0.2294  ,,0.3558  
./merged/EQ_LoopMult15EQ_UnchLoop/back: 0.1976  ,0.1976  ,,0.2345  
./merged/EQ_LoopMult15EQ_UnchLoop/forward: 0.5877  ,0.5683  ,,0.2761  
./merged/EQ_LoopMult15EQ_divide/back: 0.0000  ,0.0000  ,,0.0000  
./merged/EQ_LoopMult15EQ_divide/forward: 0.8910  ,0.8878  ,,0.1775  
./merged/EQ_LoopMult15EQ_getSign2/back: 0.0000  ,0.0000  ,,0.0000  
./merged/EQ_LoopMult15EQ_getSign2/forward: 2.3057  ,2.2866  ,,180.0000
./merged/EQ_LoopMult15EQ_is_prime1/back: 0.0000  ,0.0000  ,,0.0000  
./merged/EQ_LoopMult15EQ_is_prime1/forward: 1.0837  ,1.0920  ,,180.0000
./merged/EQ_LoopMult15EQ_is_prime3/back: 0.0000  ,0.0000  ,,0.0000  
./merged/EQ_LoopMult15EQ_is_prime3/forward: 1.8239  ,1.7788  ,,0.0870  
./merged/EQ_LoopMult15EQ_ltfive/back: 0.0000  ,0.0000  ,,0.0000  
./merged/EQ_LoopMult15EQ_ltfive/forward: 5.5708  ,5.5267  ,,180.0000
./merged/EQ_LoopMult15EQ_ltfiveBound/back: 0.0000  ,0.0000  ,,0.0000  
./merged/EQ_LoopMult15EQ_ltfiveBound/forward: 5.5256  ,5.5318  ,,180.0000
./merged/EQ_LoopMult15EQ_multiple/back: 0.0000  ,0.0000  ,,0.0000  
./merged/EQ_LoopMult15EQ_multiple/forward: 2.4979  ,2.4586  ,,180.0000
./merged/EQ_LoopMult15EQ_multipleBound/back: 0.0000  ,0.0000  ,,0.0000  
./merged/EQ_LoopMult15EQ_multipleBound/forward: 2.5047  ,2.5068  ,,180.0000
./merged/EQ_LoopMult15EQ_odd/back: 0.0000  ,0.0000  ,,0.0000  
./merged/EQ_LoopMult15EQ_odd/forward: 2.3177  ,2.3167  ,,180.0000
./merged/EQ_LoopMult15EQ_one/back: 0.0000  ,0.0000  ,,0.0000  
./merged/EQ_LoopMult15EQ_one/forward: 5.9945  ,5.9854  ,,180.0000
./merged/EQ_LoopMult15EQ_oneBound/back: 0.0000  ,0.0000  ,,0.0000  
./merged/EQ_LoopMult15EQ_oneBound/forward: 6.0119  ,6.0758  ,,21.0265 
./merged/EQ_LoopMult15EQ_oneN2/back: 0.0000  ,0.0000  ,,0.0000  
./merged/EQ_LoopMult15EQ_oneN2/forward: 6.0671  ,6.0469  ,,180.0000
./merged/EQ_LoopMult15EQ_pos/back: 0.0000  ,0.0000  ,,0.0000  
./merged/EQ_LoopMult15EQ_pos/forward: 0.3759  ,0.3751  ,,0.2646  
./merged/EQ_LoopMult15EQ_pos2/back: 0.0000  ,0.0000  ,,0.0000  
./merged/EQ_LoopMult15EQ_pos2/forward: 0.3776  ,0.3721  ,,0.2713  
./merged/EQ_LoopMult15EQ_pos3/back: 0.0000  ,0.0000  ,,0.0000  
./merged/EQ_LoopMult15EQ_pos3/forward: 0.2635  ,0.2572  ,,0.2796  
./merged/EQ_LoopMult15NEQ_LoopMult10/back: 0.7150  ,0.7132  ,,0.1969  
./merged/EQ_LoopMult15NEQ_LoopMult10/forward: 0.2287  ,0.2264  ,,0.4219  
./merged/EQ_LoopMult15NEQ_LoopMult15/back: 0.7630  ,0.7499  ,,0.2437  
./merged/EQ_LoopMult15NEQ_LoopMult15/forward: 0.2287  ,0.2327  ,,0.4387  
./merged/EQ_LoopMult15NEQ_LoopMult2/back: 0.4885  ,0.4883  ,,0.1245  
./merged/EQ_LoopMult15NEQ_LoopMult2/forward: 0.1846  ,0.1788  ,,0.2279  
./merged/EQ_LoopMult15NEQ_LoopMult20/back: 0.6546  ,0.6621  ,,0.3041  
./merged/EQ_LoopMult15NEQ_LoopMult20/forward: 0.2303  ,0.2298  ,,0.5231  
./merged/EQ_LoopMult15NEQ_LoopMult5/back: 0.7012  ,0.6834  ,,0.1702  
./merged/EQ_LoopMult15NEQ_LoopMult5/forward: 0.2300  ,0.2276  ,,0.3652  
./merged/EQ_LoopMult15NEQ_LoopUnreach10/back: 0.5652  ,0.5752  ,,0.1498  
./merged/EQ_LoopMult15NEQ_LoopUnreach10/forward: 0.2240  ,0.2268  ,,0.4216  
./merged/EQ_LoopMult15NEQ_LoopUnreach15/back: 0.5714  ,0.5789  ,,0.1516  
./merged/EQ_LoopMult15NEQ_LoopUnreach15/forward: 0.2338  ,0.2280  ,,0.4338  
./merged/EQ_LoopMult15NEQ_LoopUnreach2/back: 0.4715  ,0.4701  ,,0.1215  
./merged/EQ_LoopMult15NEQ_LoopUnreach2/forward: 0.1765  ,0.1768  ,,0.2255  
./merged/EQ_LoopMult15NEQ_LoopUnreach20/back: 0.5882  ,0.5616  ,,0.1435  
./merged/EQ_LoopMult15NEQ_LoopUnreach20/forward: 0.2313  ,0.2352  ,,0.5183  
./merged/EQ_LoopMult15NEQ_LoopUnreach5/back: 0.5723  ,0.5427  ,,0.1450  
./merged/EQ_LoopMult15NEQ_LoopUnreach5/forward: 0.2232  ,0.2233  ,,0.3565  
./merged/EQ_LoopMult15NEQ_getSign/back: 0.0000  ,0.0000  ,,0.0000  
./merged/EQ_LoopMult15NEQ_getSign/forward: 2.4103  ,2.4264  ,,180.0000
./merged/EQ_LoopMult20EQ_Add/back: 0.1491  ,0.1470  ,,0.1411  
./merged/EQ_LoopMult20EQ_Add/forward: 0.5728  ,0.5743  ,,0.3152  
./merged/EQ_LoopMult20EQ_Const/back: 0.1451  ,0.1465  ,,0.1334  
./merged/EQ_LoopMult20EQ_Const/forward: 0.5941  ,0.5738  ,,0.3152  
./merged/EQ_LoopMult20EQ_LoopMult10/back: 0.2283  ,0.2317  ,,0.4965  
./merged/EQ_LoopMult20EQ_LoopMult10/forward: 0.2320  ,0.2356  ,,0.4945  
./merged/EQ_LoopMult20EQ_LoopMult15/back: 0.2289  ,0.2335  ,,0.5154  
./merged/EQ_LoopMult20EQ_LoopMult15/forward: 0.2315  ,0.2290  ,,0.5105  
./merged/EQ_LoopMult20EQ_LoopMult2/back: 0.1796  ,0.1814  ,,0.2870  
./merged/EQ_LoopMult20EQ_LoopMult2/forward: 0.1795  ,0.1770  ,,0.2970  
./merged/EQ_LoopMult20EQ_LoopMult20/back: 0.2336  ,0.2308  ,,0.5996  
./merged/EQ_LoopMult20EQ_LoopMult20/forward: 0.2378  ,0.2322  ,,0.6086  
./merged/EQ_LoopMult20EQ_LoopMult5/back: 0.2281  ,0.2231  ,,0.4140  
./merged/EQ_LoopMult20EQ_LoopMult5/forward: 0.2289  ,0.2235  ,,0.4180  
./merged/EQ_LoopMult20EQ_LoopUnreach10/back: 0.2307  ,0.2299  ,,0.1660  
./merged/EQ_LoopMult20EQ_LoopUnreach10/forward: 0.2296  ,0.2335  ,,0.4955  
./merged/EQ_LoopMult20EQ_LoopUnreach15/back: 0.2379  ,0.2373  ,,0.1685  
./merged/EQ_LoopMult20EQ_LoopUnreach15/forward: 0.2307  ,0.2330  ,,0.5172  
./merged/EQ_LoopMult20EQ_LoopUnreach2/back: 0.1826  ,0.1815  ,,0.1372  
./merged/EQ_LoopMult20EQ_LoopUnreach2/forward: 0.1764  ,0.1748  ,,0.2686  
./merged/EQ_LoopMult20EQ_LoopUnreach20/back: 0.2358  ,0.2342  ,,0.1600  
./merged/EQ_LoopMult20EQ_LoopUnreach20/forward: 0.2343  ,0.2285  ,,0.6005  
./merged/EQ_LoopMult20EQ_LoopUnreach5/back: 0.2294  ,0.2330  ,,0.1747  
./merged/EQ_LoopMult20EQ_LoopUnreach5/forward: 0.2275  ,0.2252  ,,0.4105  
./merged/EQ_LoopMult20EQ_UnchLoop/back: 0.1974  ,0.1984  ,,0.2710  
./merged/EQ_LoopMult20EQ_UnchLoop/forward: 0.5837  ,0.5706  ,,0.3229  
./merged/EQ_LoopMult20EQ_divide/back: 0.0000  ,0.0000  ,,0.0000  
./merged/EQ_LoopMult20EQ_divide/forward: 0.9687  ,0.9664  ,,0.1788  
./merged/EQ_LoopMult20EQ_getSign2/back: 0.0000  ,0.0000  ,,0.0000  
./merged/EQ_LoopMult20EQ_getSign2/forward: 2.2868  ,2.2810  ,,180.0000
./merged/EQ_LoopMult20EQ_is_prime1/back: 0.0000  ,0.0000  ,,0.0000  
./merged/EQ_LoopMult20EQ_is_prime1/forward: 1.0819  ,1.0774  ,,180.0000
./merged/EQ_LoopMult20EQ_is_prime3/back: 0.0000  ,0.0000  ,,0.0000  
./merged/EQ_LoopMult20EQ_is_prime3/forward: 1.8147  ,1.8297  ,,0.0868  
./merged/EQ_LoopMult20EQ_ltfive/back: 0.0000  ,0.0000  ,,0.0000  
./merged/EQ_LoopMult20EQ_ltfive/forward: 5.3251  ,5.2728  ,,180.0000
./merged/EQ_LoopMult20EQ_ltfiveBound/back: 0.0000  ,0.0000  ,,0.0000  
./merged/EQ_LoopMult20EQ_ltfiveBound/forward: 5.2080  ,5.1730  ,,180.0000
./merged/EQ_LoopMult20EQ_multiple/back: 0.0000  ,0.0000  ,,0.0000  
./merged/EQ_LoopMult20EQ_multiple/forward: 2.4413  ,2.4424  ,,180.0000
./merged/EQ_LoopMult20EQ_multipleBound/back: 0.0000  ,0.0000  ,,0.0000  
./merged/EQ_LoopMult20EQ_multipleBound/forward: 2.4770  ,2.4721  ,,180.0000
./merged/EQ_LoopMult20EQ_odd/back: 0.0000  ,0.0000  ,,0.0000  
./merged/EQ_LoopMult20EQ_odd/forward: 2.3285  ,2.3322  ,,180.0000
./merged/EQ_LoopMult20EQ_one/back: 0.0000  ,0.0000  ,,0.0000  
./merged/EQ_LoopMult20EQ_one/forward: 5.9675  ,6.0115  ,,180.0000
./merged/EQ_LoopMult20EQ_oneBound/back: 0.0000  ,0.0000  ,,0.0000  
./merged/EQ_LoopMult20EQ_oneBound/forward: 6.0861  ,6.1086  ,,25.9191 
./merged/EQ_LoopMult20EQ_oneN2/back: 0.0000  ,0.0000  ,,0.0000  
./merged/EQ_LoopMult20EQ_oneN2/forward: 6.0189  ,6.0221  ,,180.0000
./merged/EQ_LoopMult20EQ_pos/back: 0.0000  ,0.0000  ,,0.0000  
./merged/EQ_LoopMult20EQ_pos/forward: 0.3741  ,0.3780  ,,0.3178  
./merged/EQ_LoopMult20EQ_pos2/back: 0.0000  ,0.0000  ,,0.0000  
./merged/EQ_LoopMult20EQ_pos2/forward: 0.3739  ,0.3783  ,,0.3093  
./merged/EQ_LoopMult20EQ_pos3/back: 0.0000  ,0.0000  ,,0.0000  
./merged/EQ_LoopMult20EQ_pos3/forward: 0.2641  ,0.2645  ,,0.3346  
./merged/EQ_LoopMult20NEQ_LoopMult10/back: 0.7681  ,0.7700  ,,0.2070  
./merged/EQ_LoopMult20NEQ_LoopMult10/forward: 0.2215  ,0.2264  ,,0.5012  
./merged/EQ_LoopMult20NEQ_LoopMult15/back: 0.8039  ,0.7749  ,,0.2405  
./merged/EQ_LoopMult20NEQ_LoopMult15/forward: 0.2265  ,0.2345  ,,0.5095  
./merged/EQ_LoopMult20NEQ_LoopMult2/back: 0.5554  ,0.5651  ,,0.1220  
./merged/EQ_LoopMult20NEQ_LoopMult2/forward: 0.1795  ,0.1797  ,,0.2684  
./merged/EQ_LoopMult20NEQ_LoopMult20/back: 0.7965  ,0.8304  ,,0.2816  
./merged/EQ_LoopMult20NEQ_LoopMult20/forward: 0.2296  ,0.2291  ,,0.6081  
./merged/EQ_LoopMult20NEQ_LoopMult5/back: 0.7344  ,0.7148  ,,0.1713  
./merged/EQ_LoopMult20NEQ_LoopMult5/forward: 0.2256  ,0.2278  ,,0.4165  
./merged/EQ_LoopMult20NEQ_LoopUnreach10/back: 0.5361  ,0.5485  ,,0.1491  
./merged/EQ_LoopMult20NEQ_LoopUnreach10/forward: 0.2324  ,0.2287  ,,0.4967  
./merged/EQ_LoopMult20NEQ_LoopUnreach15/back: 0.6032  ,0.5746  ,,0.1476  
./merged/EQ_LoopMult20NEQ_LoopUnreach15/forward: 0.2306  ,0.2329  ,,0.5144  
./merged/EQ_LoopMult20NEQ_LoopUnreach2/back: 0.4651  ,0.4696  ,,0.1285  
./merged/EQ_LoopMult20NEQ_LoopUnreach2/forward: 0.1781  ,0.1865  ,,0.2673  
./merged/EQ_LoopMult20NEQ_LoopUnreach20/back: 0.5462  ,0.5352  ,,0.1483  
./merged/EQ_LoopMult20NEQ_LoopUnreach20/forward: 0.2338  ,0.2323  ,,0.6045  
./merged/EQ_LoopMult20NEQ_LoopUnreach5/back: 0.5687  ,0.5392  ,,0.1432  
./merged/EQ_LoopMult20NEQ_LoopUnreach5/forward: 0.2283  ,0.2239  ,,0.4199  
./merged/EQ_LoopMult20NEQ_getSign/back: 0.0000  ,0.0000  ,,0.0000  
./merged/EQ_LoopMult20NEQ_getSign/forward: 2.5015  ,2.4907  ,,180.0000
./merged/EQ_LoopMult2EQ_Add/back: 0.1141  ,0.1175  ,,0.1126  
./merged/EQ_LoopMult2EQ_Add/forward: 0.2983  ,0.3081  ,,0.1248  
./merged/EQ_LoopMult2EQ_Const/back: 0.1185  ,0.1181  ,,0.0909  
./merged/EQ_LoopMult2EQ_Const/forward: 0.2985  ,0.3063  ,,0.1231  
./merged/EQ_LoopMult2EQ_LoopMult10/back: 0.2044  ,0.2025  ,,0.2275  
./merged/EQ_LoopMult2EQ_LoopMult10/forward: 0.2017  ,0.1991  ,,0.2251  
./merged/EQ_LoopMult2EQ_LoopMult15/back: 0.2095  ,0.1988  ,,0.2533  
./merged/EQ_LoopMult2EQ_LoopMult15/forward: 0.2010  ,0.2033  ,,0.2547  
./merged/EQ_LoopMult2EQ_LoopMult2/back: 0.1300  ,0.1291  ,,0.0949  
./merged/EQ_LoopMult2EQ_LoopMult2/forward: 0.1300  ,0.1276  ,,0.0982  
./merged/EQ_LoopMult2EQ_LoopMult20/back: 0.2043  ,0.2038  ,,0.2758  
./merged/EQ_LoopMult2EQ_LoopMult20/forward: 0.2030  ,0.2002  ,,0.2945  
./merged/EQ_LoopMult2EQ_LoopMult5/back: 0.1999  ,0.1973  ,,0.1894  
./merged/EQ_LoopMult2EQ_LoopMult5/forward: 0.2010  ,0.2039  ,,0.1852  
./merged/EQ_LoopMult2EQ_LoopUnreach10/back: 0.2026  ,0.2012  ,,0.1428  
./merged/EQ_LoopMult2EQ_LoopUnreach10/forward: 0.2032  ,0.2012  ,,0.2447  
./merged/EQ_LoopMult2EQ_LoopUnreach15/back: 0.2098  ,0.2034  ,,0.1422  
./merged/EQ_LoopMult2EQ_LoopUnreach15/forward: 0.2046  ,0.2028  ,,0.2455  
./merged/EQ_LoopMult2EQ_LoopUnreach2/back: 0.1299  ,0.1328  ,,0.1009  
./merged/EQ_LoopMult2EQ_LoopUnreach2/forward: 0.1282  ,0.1295  ,,0.0930  
./merged/EQ_LoopMult2EQ_LoopUnreach20/back: 0.2068  ,0.2065  ,,0.1246  
./merged/EQ_LoopMult2EQ_LoopUnreach20/forward: 0.2003  ,0.2042  ,,0.2925  
./merged/EQ_LoopMult2EQ_LoopUnreach5/back: 0.1998  ,0.2006  ,,0.1437  
./merged/EQ_LoopMult2EQ_LoopUnreach5/forward: 0.2001  ,0.2012  ,,0.1888  
./merged/EQ_LoopMult2EQ_UnchLoop/back: 0.1260  ,0.1304  ,,0.0951  
./merged/EQ_LoopMult2EQ_UnchLoop/forward: 0.2977  ,0.2919  ,,0.1106  
./merged/EQ_LoopMult2EQ_divide/back: 0.0000  ,0.0000  ,,0.0000  
./merged/EQ_LoopMult2EQ_divide/forward: 0.7725  ,0.7655  ,,0.2058  
./merged/EQ_LoopMult2EQ_getSign2/back: 0.0000  ,0.0000  ,,0.0000  
./merged/EQ_LoopMult2EQ_getSign2/forward: 1.2039  ,1.1948  ,,180.0000
./merged/EQ_LoopMult2EQ_is_prime1/back: 0.0000  ,0.0000  ,,0.0000  
./merged/EQ_LoopMult2EQ_is_prime1/forward: 0.4267  ,0.4087  ,,180.0000
./merged/EQ_LoopMult2EQ_is_prime3/back: 0.0000  ,0.0000  ,,0.0000  
./merged/EQ_LoopMult2EQ_is_prime3/forward: 180.0000,180.0000,,0.0919  
./merged/EQ_LoopMult2EQ_ltfive/back: 0.0000  ,0.0000  ,,0.0000  
./merged/EQ_LoopMult2EQ_ltfive/forward: 3.1119  ,3.1006  ,,180.0000
./merged/EQ_LoopMult2EQ_ltfiveBound/back: 0.0000  ,0.0000  ,,0.0000  
./merged/EQ_LoopMult2EQ_ltfiveBound/forward: 3.1593  ,3.1426  ,,25.2828 
./merged/EQ_LoopMult2EQ_multiple/back: 0.0000  ,0.0000  ,,0.0000  
./merged/EQ_LoopMult2EQ_multiple/forward: 1.3009  ,1.2994  ,,180.0000
./merged/EQ_LoopMult2EQ_multipleBound/back: 0.0000  ,0.0000  ,,0.0000  
./merged/EQ_LoopMult2EQ_multipleBound/forward: 1.3323  ,1.3483  ,,180.0000
./merged/EQ_LoopMult2EQ_odd/back: 0.0000  ,0.0000  ,,0.0000  
./merged/EQ_LoopMult2EQ_odd/forward: 1.2113  ,1.2214  ,,180.0000
./merged/EQ_LoopMult2EQ_one/back: 0.0000  ,0.0000  ,,0.0000  
./merged/EQ_LoopMult2EQ_one/forward: 3.9418  ,3.9088  ,,180.0000
./merged/EQ_LoopMult2EQ_oneBound/back: 0.0000  ,0.0000  ,,0.0000  
./merged/EQ_LoopMult2EQ_oneBound/forward: 4.0294  ,4.0301  ,,5.9172  
./merged/EQ_LoopMult2EQ_oneN2/back: 0.0000  ,0.0000  ,,0.0000  
./merged/EQ_LoopMult2EQ_oneN2/forward: 3.9189  ,3.9612  ,,180.0000
./merged/EQ_LoopMult2EQ_pos/back: 0.0000  ,0.0000  ,,0.0000  
./merged/EQ_LoopMult2EQ_pos/forward: 0.3228  ,0.3170  ,,0.1475  
./merged/EQ_LoopMult2EQ_pos2/back: 0.0000  ,0.0000  ,,0.0000  
./merged/EQ_LoopMult2EQ_pos2/forward: 0.3203  ,0.3190  ,,0.1522  
./merged/EQ_LoopMult2EQ_pos3/back: 0.0000  ,0.0000  ,,0.0000  
./merged/EQ_LoopMult2EQ_pos3/forward: 0.2245  ,0.2285  ,,0.1376  
./merged/EQ_LoopMult2NEQ_LoopMult10/back: 0.4970  ,0.4737  ,,0.1300  
./merged/EQ_LoopMult2NEQ_LoopMult10/forward: 0.2021  ,0.2001  ,,0.2253  
./merged/EQ_LoopMult2NEQ_LoopMult15/back: 0.4543  ,0.4548  ,,0.1220  
./merged/EQ_LoopMult2NEQ_LoopMult15/forward: 0.2035  ,0.2072  ,,0.2545  
./merged/EQ_LoopMult2NEQ_LoopMult2/back: 0.3642  ,0.3629  ,,0.1371  
./merged/EQ_LoopMult2NEQ_LoopMult2/forward: 0.1264  ,0.1274  ,,0.0968  
./merged/EQ_LoopMult2NEQ_LoopMult20/back: 0.4535  ,0.4604  ,,0.1169  
./merged/EQ_LoopMult2NEQ_LoopMult20/forward: 0.2103  ,0.2001  ,,0.2936  
./merged/EQ_LoopMult2NEQ_LoopMult5/back: 0.4737  ,0.4668  ,,0.1175  
./merged/EQ_LoopMult2NEQ_LoopMult5/forward: 0.2017  ,0.2013  ,,0.1968  
./merged/EQ_LoopMult2NEQ_LoopUnreach10/back: 0.4925  ,0.4737  ,,0.1311  
./merged/EQ_LoopMult2NEQ_LoopUnreach10/forward: 0.2005  ,0.2066  ,,0.2328  
./merged/EQ_LoopMult2NEQ_LoopUnreach15/back: 0.4986  ,0.4773  ,,0.1261  
./merged/EQ_LoopMult2NEQ_LoopUnreach15/forward: 0.2055  ,0.2040  ,,0.2542  
./merged/EQ_LoopMult2NEQ_LoopUnreach2/back: 0.3654  ,0.3666  ,,0.1055  
./merged/EQ_LoopMult2NEQ_LoopUnreach2/forward: 0.1292  ,0.1319  ,,0.0961  
./merged/EQ_LoopMult2NEQ_LoopUnreach20/back: 0.4725  ,0.4924  ,,0.1255  
./merged/EQ_LoopMult2NEQ_LoopUnreach20/forward: 0.2064  ,0.2048  ,,0.2968  
./merged/EQ_LoopMult2NEQ_LoopUnreach5/back: 0.4724  ,0.4699  ,,0.1375  
./merged/EQ_LoopMult2NEQ_LoopUnreach5/forward: 0.2020  ,0.1995  ,,0.1883  
./merged/EQ_LoopMult2NEQ_getSign/back: 0.0000  ,0.0000  ,,0.0000  
./merged/EQ_LoopMult2NEQ_getSign/forward: 1.1253  ,1.1253  ,,180.0000
./merged/EQ_LoopMult5EQ_Add/back: 0.1468  ,0.1460  ,,0.1460  
./merged/EQ_LoopMult5EQ_Add/forward: 0.5729  ,0.5543  ,,0.2093  
./merged/EQ_LoopMult5EQ_Const/back: 0.1511  ,0.1502  ,,0.1130  
./merged/EQ_LoopMult5EQ_Const/forward: 0.5643  ,0.5624  ,,0.2106  
./merged/EQ_LoopMult5EQ_LoopMult10/back: 0.2260  ,0.2243  ,,0.3358  
./merged/EQ_LoopMult5EQ_LoopMult10/forward: 0.2269  ,0.2234  ,,0.3352  
./merged/EQ_LoopMult5EQ_LoopMult15/back: 0.2289  ,0.2296  ,,0.3642  
./merged/EQ_LoopMult5EQ_LoopMult15/forward: 0.2320  ,0.2323  ,,0.3579  
./merged/EQ_LoopMult5EQ_LoopMult2/back: 0.1764  ,0.1764  ,,0.1934  
./merged/EQ_LoopMult5EQ_LoopMult2/forward: 0.1782  ,0.1754  ,,0.1899  
./merged/EQ_LoopMult5EQ_LoopMult20/back: 0.2290  ,0.2284  ,,0.4213  
./merged/EQ_LoopMult5EQ_LoopMult20/forward: 0.2271  ,0.2324  ,,0.4230  
./merged/EQ_LoopMult5EQ_LoopMult5/back: 0.2270  ,0.2257  ,,0.2864  
./merged/EQ_LoopMult5EQ_LoopMult5/forward: 0.2210  ,0.2240  ,,0.2844  
./merged/EQ_LoopMult5EQ_LoopUnreach10/back: 0.2313  ,0.2288  ,,0.1707  
./merged/EQ_LoopMult5EQ_LoopUnreach10/forward: 0.2278  ,0.2245  ,,0.3361  
./merged/EQ_LoopMult5EQ_LoopUnreach15/back: 0.2348  ,0.2316  ,,0.1764  
./merged/EQ_LoopMult5EQ_LoopUnreach15/forward: 0.2316  ,0.2279  ,,0.3621  
./merged/EQ_LoopMult5EQ_LoopUnreach2/back: 0.1812  ,0.1756  ,,0.1461  
./merged/EQ_LoopMult5EQ_LoopUnreach2/forward: 0.1824  ,0.1752  ,,0.1636  
./merged/EQ_LoopMult5EQ_LoopUnreach20/back: 0.2335  ,0.2358  ,,0.1636  
./merged/EQ_LoopMult5EQ_LoopUnreach20/forward: 0.2297  ,0.2310  ,,0.4171  
./merged/EQ_LoopMult5EQ_LoopUnreach5/back: 0.2292  ,0.2297  ,,0.1739  
./merged/EQ_LoopMult5EQ_LoopUnreach5/forward: 0.2218  ,0.2293  ,,0.2804  
./merged/EQ_LoopMult5EQ_UnchLoop/back: 0.1976  ,0.2007  ,,0.1901  
./merged/EQ_LoopMult5EQ_UnchLoop/forward: 0.5669  ,0.5569  ,,0.2133  
./merged/EQ_LoopMult5EQ_divide/back: 0.0000  ,0.0000  ,,0.0000  
./merged/EQ_LoopMult5EQ_divide/forward: 0.8738  ,0.8756  ,,0.1770  
./merged/EQ_LoopMult5EQ_getSign2/back: 0.0000  ,0.0000  ,,0.0000  
./merged/EQ_LoopMult5EQ_getSign2/forward: 2.2840  ,2.2907  ,,180.0000
./merged/EQ_LoopMult5EQ_is_prime1/back: 0.0000  ,0.0000  ,,0.0000  
./merged/EQ_LoopMult5EQ_is_prime1/forward: 1.0672  ,1.0731  ,,180.0000
./merged/EQ_LoopMult5EQ_is_prime3/back: 0.0000  ,0.0000  ,,0.0000  
./merged/EQ_LoopMult5EQ_is_prime3/forward: 1.8063  ,1.7954  ,,0.0962  
./merged/EQ_LoopMult5EQ_ltfive/back: 0.0000  ,0.0000  ,,0.0000  
./merged/EQ_LoopMult5EQ_ltfive/forward: 5.3911  ,5.4183  ,,180.0000
./merged/EQ_LoopMult5EQ_ltfiveBound/back: 0.0000  ,0.0000  ,,0.0000  
./merged/EQ_LoopMult5EQ_ltfiveBound/forward: 5.3077  ,5.2525  ,,180.0000
./merged/EQ_LoopMult5EQ_multiple/back: 0.0000  ,0.0000  ,,0.0000  
./merged/EQ_LoopMult5EQ_multiple/forward: 2.4438  ,2.4196  ,,180.0000
./merged/EQ_LoopMult5EQ_multipleBound/back: 0.0000  ,0.0000  ,,0.0000  
./merged/EQ_LoopMult5EQ_multipleBound/forward: 2.4696  ,2.4814  ,,180.0000
./merged/EQ_LoopMult5EQ_odd/back: 0.0000  ,0.0000  ,,0.0000  
./merged/EQ_LoopMult5EQ_odd/forward: 2.2999  ,2.3277  ,,180.0000
./merged/EQ_LoopMult5EQ_one/back: 0.0000  ,0.0000  ,,0.0000  
