./nestedMerge/EQ_AddEQ_LoopMult20/libA: equiv,0.8418   ; equiv,0.8053   ; equiv,0.2822   ; unknown,0.0000  
./nestedMerge/EQ_AddEQ_UnchLoop/libA: equiv,40.2533  ; equiv,40.2799  ; equiv,40.1535  ; unknown,0.0000  
./nestedMerge/EQ_AddEQ_odd/libA: equiv,0.8853   ; equiv,0.8774   ; equiv,0.3047   ; unknown,0.0000  
./nestedMerge/EQ_AddEQ_pos/libA: equiv,11.1712  ; equiv,11.8721  ; equiv,11.3839  ; unknown,0.0000  
./nestedMerge/EQ_AddEQ_pos2/libA: equiv,0.2456   ; equiv,0.3613   ; equiv,0.1627   ; unknown,0.0000  
./nestedMerge/EQ_AddEXTRA_ultra_prime_sum/libA: equiv,83.0415  ; equiv,56.5033  ; equiv,106.4605 ; unknown,0.0000  
./nestedMerge/EQ_ConstEQ_LoopMult20/libA: equiv,1.0240   ; equiv,1.0328   ; equiv,0.3621   ; unknown,0.0000  
./nestedMerge/EQ_ConstEQ_UnchLoop/libA: equiv,40.3255  ; equiv,40.5866  ; equiv,40.4023  ; unknown,0.0000  
./nestedMerge/EQ_ConstEQ_odd/libA: equiv,2.6499   ; equiv,2.4283   ; equiv,0.6682   ; unknown,0.0000  
./nestedMerge/EQ_ConstEQ_pos/libA: equiv,13.0176  ; equiv,13.1360  ; equiv,12.5249  ; unknown,0.0000  
./nestedMerge/EQ_ConstEQ_pos2/libA: equiv,0.6652   ; equiv,0.6296   ; equiv,0.3323   ; unknown,0.0000  
./nestedMerge/EQ_ConstEXTRA_ultra_prime_sum/libA: equiv,104.5348 ; equiv,67.9999  ; equiv,124.5164 ; unknown,0.0000  
./nestedMerge/EQ_LoopMult20EQ_Add/libA: equiv,0.4207   ; equiv,0.4173   ; equiv,0.0915   ; unknown,0.0000  
./nestedMerge/EQ_LoopMult20EQ_Const/libA: equiv,0.4430   ; equiv,0.4313   ; equiv,0.1006   ; unknown,0.0000  
./nestedMerge/EQ_LoopMult20EQ_LoopMult20/libA: equiv,3.8835   ; equiv,2.3989   ; equiv,1.5387   ; unknown,0.0000  
./nestedMerge/EQ_LoopMult20EQ_LoopUnreach20/libA: equiv,1.4482   ; equiv,1.4165   ; equiv,0.6399   ; unknown,0.0000  
./nestedMerge/EQ_LoopMult20EQ_UnchLoop/libA: equiv,40.3768  ; equiv,40.6009  ; equiv,40.3858  ; unknown,0.0000  
./nestedMerge/EQ_LoopMult20EQ_divide/libA: equiv,0.4437   ; equiv,0.4459   ; equiv,0.1138   ; unknown,0.0000  
./nestedMerge/EQ_LoopMult20EQ_getSign2/libA: equiv,2.6214   ; equiv,2.6630   ; equiv,0.9758   ; unknown,0.0000  
./nestedMerge/EQ_LoopMult20EQ_is_prime1/libA: equiv,3.0810   ; equiv,2.7603   ; equiv,0.9154   ; unknown,0.0000  
./nestedMerge/EQ_LoopMult20EQ_is_prime2/libA: not equiv,2.8565   ; not equiv,3.3102   ; not equiv,0.0000   ; unknown,0.0000  
./nestedMerge/EQ_LoopMult20EQ_is_prime3/libA: equiv,4.4243   ; equiv,4.2804   ; equiv,1.9547   ; unknown,0.0000  
./nestedMerge/EQ_LoopMult20EQ_ltfive/libA: equiv,1.0889   ; equiv,1.1842   ; equiv,0.5763   ; unknown,0.0000  
./nestedMerge/EQ_LoopMult20EQ_ltfiveBound/libA: equiv,1.1696   ; equiv,1.3175   ; equiv,0.6555   ; unknown,0.0000  
./nestedMerge/EQ_LoopMult20EQ_multiple/libA: equiv,2.6751   ; equiv,2.6110   ; equiv,0.7987   ; unknown,0.0000  
./nestedMerge/EQ_LoopMult20EQ_multipleBound/libA: equiv,2.5779   ; equiv,2.5709   ; equiv,0.8753   ; unknown,0.0000  
./nestedMerge/EQ_LoopMult20EQ_odd/libA: equiv,3.1282   ; equiv,2.8727   ; equiv,1.1181   ; unknown,0.0000  
./nestedMerge/EQ_LoopMult20EQ_one/libA: equiv,1.0968   ; equiv,1.3084   ; equiv,0.6222   ; unknown,0.0000  
./nestedMerge/EQ_LoopMult20EQ_oneBound/libA: equiv,1.1100   ; equiv,1.5100   ; equiv,0.6642   ; unknown,0.0000  
./nestedMerge/EQ_LoopMult20EQ_oneN2/libA: equiv,0.9951   ; equiv,1.1744   ; equiv,0.6267   ; unknown,0.0000  
./nestedMerge/EQ_LoopMult20EQ_pos/libA: equiv,1.5900   ; equiv,1.8210   ; equiv,1.1148   ; unknown,0.0000  
./nestedMerge/EQ_LoopMult20EQ_pos2/libA: equiv,0.6485   ; equiv,0.7662   ; equiv,0.4064   ; unknown,0.0000  
./nestedMerge/EQ_LoopMult20EQ_pos3/libA: equiv,2.6201   ; equiv,2.4867   ; equiv,0.7831   ; unknown,0.0000  
./nestedMerge/EQ_LoopMult20EXTRA_ultra_prime_sum/libA: equiv,103.8204 ; equiv,76.2145  ; equiv,140.2590 ; unknown,0.0000  
./nestedMerge/EQ_LoopMult20NEQ_LoopMult20/libA: not equiv,5.7808   ; not equiv,3.2279   ; not equiv,2.2863   ; unknown,0.0000  
./nestedMerge/EQ_LoopMult20NEQ_LoopUnreach20/libA: not equiv,0.5552   ; not equiv,0.5356   ; not equiv,0.1856   ; unknown,0.0000  
./nestedMerge/EQ_LoopMult20NEQ_getSign/libA: equiv,1.2556   ; equiv,1.2587   ; equiv,0.5528   ; unknown,0.0000  
./nestedMerge/EQ_LoopUnreach20EQ_LoopMult20/libA: equiv,2.3352   ; equiv,2.0105   ; equiv,1.3408   ; unknown,0.0000  
./nestedMerge/EQ_LoopUnreach20EQ_UnchLoop/libA: equiv,40.3368  ; equiv,40.6109  ; equiv,40.4030  ; unknown,0.0000  
./nestedMerge/EQ_LoopUnreach20EQ_odd/libA: equiv,3.2140   ; equiv,2.7944   ; equiv,1.1002   ; unknown,0.0000  
./nestedMerge/EQ_LoopUnreach20EQ_pos/libA: equiv,1.6483   ; equiv,2.0652   ; equiv,1.3117   ; unknown,0.0000  
./nestedMerge/EQ_LoopUnreach20EQ_pos2/libA: equiv,0.5757   ; equiv,0.8474   ; equiv,0.4046   ; unknown,0.0000  
./nestedMerge/EQ_LoopUnreach20EXTRA_ultra_prime_sum/libA: equiv,102.9978 ; equiv,73.9286  ; equiv,135.5683 ; unknown,0.0000  
./nestedMerge/EQ_UnchLoopEQ_Add/libA: equiv,0.2026   ; equiv,0.1797   ; equiv,0.0543   ; unknown,0.0000  
./nestedMerge/EQ_UnchLoopEQ_Const/libA: equiv,0.1815   ; equiv,0.1833   ; equiv,0.0570   ; unknown,0.0000  
./nestedMerge/EQ_UnchLoopEQ_LoopMult20/libA: equiv,1.1715   ; equiv,1.1603   ; equiv,0.4211   ; unknown,0.0000  
./nestedMerge/EQ_UnchLoopEQ_LoopUnreach20/libA: equiv,1.1709   ; equiv,1.1754   ; equiv,0.4256   ; unknown,0.0000  
./nestedMerge/EQ_UnchLoopEQ_UnchLoop/libA: equiv,40.3326  ; equiv,40.6183  ; equiv,40.4358  ; unknown,0.0000  
./nestedMerge/EQ_UnchLoopEQ_divide/libA: equiv,0.4587   ; equiv,0.4756   ; equiv,0.1457   ; unknown,0.0000  
./nestedMerge/EQ_UnchLoopEQ_getSign2/libA: equiv,2.4086   ; equiv,2.3124   ; equiv,0.5930   ; unknown,0.0000  
./nestedMerge/EQ_UnchLoopEQ_is_prime1/libA: equiv,2.5610   ; equiv,2.7683   ; equiv,0.9899   ; unknown,0.0000  
./nestedMerge/EQ_UnchLoopEQ_is_prime2/libA: equiv,4.9527   ; equiv,5.8239   ; equiv,3.2578   ; unknown,0.0000  
./nestedMerge/EQ_UnchLoopEQ_is_prime3/libA: equiv,3.4849   ; equiv,3.6657   ; equiv,1.1291   ; unknown,0.0000  
./nestedMerge/EQ_UnchLoopEQ_ltfive/libA: equiv,3.0520   ; equiv,3.6771   ; equiv,1.4662   ; unknown,0.0000  
./nestedMerge/EQ_UnchLoopEQ_ltfiveBound/libA: equiv,1.0469   ; equiv,1.3713   ; equiv,0.6592   ; unknown,0.0000  
./nestedMerge/EQ_UnchLoopEQ_multiple/libA: equiv,2.2873   ; equiv,2.3650   ; equiv,0.6432   ; unknown,0.0000  
./nestedMerge/EQ_UnchLoopEQ_multipleBound/libA: equiv,2.4041   ; equiv,2.4418   ; equiv,0.6055   ; unknown,0.0000  
./nestedMerge/EQ_UnchLoopEQ_odd/libA: equiv,2.6365   ; equiv,2.3906   ; equiv,0.6601   ; unknown,0.0000  
./nestedMerge/EQ_UnchLoopEQ_one/libA: not equiv,1.6087   ; not equiv,2.0987   ; not equiv,0.0000   ; unknown,0.0000  
./nestedMerge/EQ_UnchLoopEQ_oneBound/libA: equiv,1.0313   ; equiv,1.2041   ; equiv,0.5963   ; unknown,0.0000  
./nestedMerge/EQ_UnchLoopEQ_oneN2/libA: equiv,3.1636   ; equiv,3.6875   ; equiv,1.4409   ; unknown,0.0000  
./nestedMerge/EQ_UnchLoopEQ_pos/libA: equiv,12.8657  ; equiv,13.2531  ; equiv,12.6020  ; unknown,0.0000  
./nestedMerge/EQ_UnchLoopEQ_pos2/libA: equiv,0.6633   ; equiv,0.9183   ; equiv,0.3722   ; unknown,0.0000  
./nestedMerge/EQ_UnchLoopEQ_pos3/libA: equiv,2.2394   ; equiv,2.4158   ; equiv,0.6519   ; unknown,0.0000  
./nestedMerge/EQ_UnchLoopEXTRA_ultra_prime_sum/libA: equiv,115.7964 ; equiv,67.0390  ; equiv,122.6870 ; unknown,0.0000  
./nestedMerge/EQ_UnchLoopNEQ_LoopMult20/libA: equiv,2.4830   ; equiv,1.5920   ; equiv,0.4729   ; unknown,0.0000  
./nestedMerge/EQ_UnchLoopNEQ_LoopUnreach20/libA: equiv,0.9191   ; equiv,0.8774   ; equiv,0.2316   ; unknown,0.0000  
./nestedMerge/EQ_UnchLoopNEQ_getSign/libA: equiv,0.8641   ; equiv,0.8890   ; equiv,0.2909   ; unknown,0.0000  
./nestedMerge/EQ_divideEQ_LoopMult20/libA: equiv,2.0778   ; equiv,2.0589   ; equiv,1.3928   ; unknown,0.0000  
./nestedMerge/EQ_divideEQ_UnchLoop/libA: equiv,40.3528  ; equiv,40.6471  ; equiv,40.4303  ; unknown,0.0000  
./nestedMerge/EQ_divideEQ_odd/libA: equiv,15.6360  ; equiv,16.0954  ; equiv,14.2694  ; unknown,0.0000  
./nestedMerge/EQ_divideEQ_pos/libA: equiv,25.4892  ; equiv,26.6370  ; equiv,23.8732  ; unknown,0.0000  
./nestedMerge/EQ_divideEQ_pos2/libA: equiv,0.7828   ; equiv,0.8854   ; equiv,0.3944   ; unknown,0.0000  
./nestedMerge/EQ_divideEXTRA_ultra_prime_sum/libA: equiv,92.2506  ; equiv,55.3265  ; equiv,105.6705 ; unknown,0.0000  
./nestedMerge/EQ_getSign2EQ_LoopMult20/libA: equiv,2.1526   ; equiv,2.0557   ; equiv,1.3902   ; unknown,0.0000  
./nestedMerge/EQ_getSign2EQ_UnchLoop/libA: equiv,40.3353  ; equiv,40.6019  ; equiv,40.3914  ; unknown,0.0000  
./nestedMerge/EQ_getSign2EQ_odd/libA: equiv,12.9697  ; equiv,13.1397  ; equiv,11.3353  ; unknown,0.0000  
./nestedMerge/EQ_getSign2EQ_pos/libA: equiv,24.9703  ; equiv,25.8397  ; equiv,23.4661  ; unknown,0.0000  
./nestedMerge/EQ_getSign2EQ_pos2/libA: equiv,0.7960   ; equiv,0.8742   ; equiv,0.3778   ; unknown,0.0000  
./nestedMerge/EQ_getSign2EXTRA_ultra_prime_sum/libA: equiv,101.7231 ; equiv,58.1543  ; equiv,109.8790 ; unknown,0.0000  
./nestedMerge/EQ_is_prime1EQ_LoopMult20/libA: equiv,1.9814   ; equiv,2.0254   ; equiv,1.3591   ; unknown,0.0000  
./nestedMerge/EQ_is_prime1EQ_UnchLoop/libA: equiv,40.3335  ; equiv,40.6281  ; equiv,40.4286  ; unknown,0.0000  
./nestedMerge/EQ_is_prime1EQ_odd/libA: equiv,15.5648  ; equiv,15.8739  ; equiv,14.0410  ; unknown,0.0000  
./nestedMerge/EQ_is_prime1EQ_pos/libA: equiv,12.9906  ; equiv,13.4925  ; equiv,12.7549  ; unknown,0.0000  
./nestedMerge/EQ_is_prime1EQ_pos2/libA: equiv,0.7266   ; equiv,0.8340   ; equiv,0.3828   ; unknown,0.0000  
./nestedMerge/EQ_is_prime1EXTRA_ultra_prime_sum/libA: equiv,103.2602 ; equiv,68.1351  ; equiv,131.1932 ; unknown,0.0000  
./nestedMerge/EQ_is_prime2EQ_LoopMult20/libA: equiv,0.9765   ; equiv,1.4535   ; equiv,0.9432   ; unknown,0.0000  
./nestedMerge/EQ_is_prime2EQ_UnchLoop/libA: equiv,0.3056   ; equiv,0.5855   ; equiv,0.3530   ; unknown,0.0000  
./nestedMerge/EQ_is_prime2EQ_odd/libA: equiv,21.9010  ; equiv,23.1175  ; equiv,21.4870  ; unknown,0.0000  
./nestedMerge/EQ_is_prime2EQ_pos/libA: equiv,22.8406  ; equiv,24.1714  ; equiv,22.3525  ; unknown,0.0000  
./nestedMerge/EQ_is_prime2EQ_pos2/libA: equiv,0.4729   ; equiv,0.5187   ; equiv,0.1582   ; unknown,0.0000  
./nestedMerge/EQ_is_prime2EXTRA_ultra_prime_sum/libA: equiv,153.4191 ; equiv,83.3671  ; equiv,155.2415 ; unknown,0.0000  
./nestedMerge/EQ_is_prime3EQ_LoopMult20/libA: equiv,1.6786   ; equiv,1.6560   ; equiv,0.9110   ; unknown,0.0000  
./nestedMerge/EQ_is_prime3EQ_UnchLoop/libA: equiv,40.3240  ; equiv,40.3391  ; equiv,40.1364  ; unknown,0.0000  
./nestedMerge/EQ_is_prime3EQ_odd/libA: timeout,300.0000 ; timeout,300.0000 ; timeout,300.0000 ; unknown,0.0000  
./nestedMerge/EQ_is_prime3EQ_pos/libA: equiv,21.9801  ; equiv,11.8932  ; equiv,22.4670  ; unknown,0.0000  
./nestedMerge/EQ_is_prime3EQ_pos2/libA: equiv,0.5200   ; equiv,0.5732   ; equiv,0.3207   ; unknown,0.0000  
./nestedMerge/EQ_is_prime3EXTRA_ultra_prime_sum/libA: equiv,78.4450  ; equiv,45.6725  ; equiv,87.4083  ; unknown,0.0000  
./nestedMerge/EQ_ltfiveBoundEQ_LoopMult20/libA: equiv,1.0247   ; equiv,1.3495   ; equiv,0.8024   ; unknown,0.0000  
./nestedMerge/EQ_ltfiveBoundEQ_UnchLoop/libA: equiv,0.2566   ; equiv,0.3783   ; equiv,0.1468   ; unknown,0.0000  
./nestedMerge/EQ_ltfiveBoundEQ_odd/libA: equiv,1.8691   ; equiv,2.0858   ; equiv,1.6220   ; unknown,0.0000  
./nestedMerge/EQ_ltfiveBoundEQ_pos/libA: equiv,25.1558  ; equiv,31.3219  ; equiv,29.4825  ; unknown,0.0000  
./nestedMerge/EQ_ltfiveBoundEQ_pos2/libA: equiv,0.4365   ; equiv,0.5810   ; equiv,0.1538   ; unknown,0.0000  
./nestedMerge/EQ_ltfiveBoundEXTRA_ultra_prime_sum/libA: equiv,145.4349 ; equiv,83.1622  ; equiv,154.7843 ; unknown,0.0000  
./nestedMerge/EQ_ltfiveEQ_LoopMult20/libA: equiv,1.0577   ; equiv,1.4033   ; equiv,0.8729   ; unknown,0.0000  
./nestedMerge/EQ_ltfiveEQ_UnchLoop/libA: equiv,0.2385   ; equiv,0.3834   ; equiv,0.1459   ; unknown,0.0000  
./nestedMerge/EQ_ltfiveEQ_odd/libA: equiv,22.8832  ; equiv,23.8887  ; equiv,22.2981  ; unknown,0.0000  
./nestedMerge/EQ_ltfiveEQ_pos/libA: equiv,27.3283  ; equiv,31.2379  ; equiv,29.3355  ; unknown,0.0000  
./nestedMerge/EQ_ltfiveEQ_pos2/libA: equiv,0.3958   ; equiv,0.6157   ; equiv,0.1540   ; unknown,0.0000  
./nestedMerge/EQ_ltfiveEXTRA_ultra_prime_sum/libA: equiv,145.2440 ; equiv,83.0416  ; equiv,154.6406 ; unknown,0.0000  
./nestedMerge/EQ_multipleBoundEQ_LoopMult20/libA: equiv,1.0168   ; equiv,0.9825   ; equiv,0.4234   ; unknown,0.0000  
./nestedMerge/EQ_multipleBoundEQ_UnchLoop/libA: equiv,40.2929  ; equiv,40.3108  ; equiv,40.1540  ; unknown,0.0000  
./nestedMerge/EQ_multipleBoundEQ_odd/libA: equiv,12.2759  ; equiv,12.3130  ; equiv,11.6428  ; unknown,0.0000  
./nestedMerge/EQ_multipleBoundEQ_pos/libA: equiv,22.2812  ; equiv,23.9791  ; equiv,22.2055  ; unknown,0.0000  
./nestedMerge/EQ_multipleBoundEQ_pos2/libA: equiv,0.3093   ; equiv,0.4321   ; equiv,0.1727   ; unknown,0.0000  
./nestedMerge/EQ_multipleBoundEXTRA_ultra_prime_sum/libA: equiv,82.9384  ; equiv,61.3676  ; equiv,114.1453 ; unknown,0.0000  
./nestedMerge/EQ_multipleEQ_LoopMult20/libA: equiv,2.1339   ; equiv,2.0676   ; equiv,1.3696   ; unknown,0.0000  
./nestedMerge/EQ_multipleEQ_UnchLoop/libA: equiv,40.3309  ; equiv,40.6402  ; equiv,40.4223  ; unknown,0.0000  
./nestedMerge/EQ_multipleEQ_odd/libA: equiv,15.6756  ; equiv,15.7970  ; equiv,13.8585  ; unknown,0.0000  
./nestedMerge/EQ_multipleEQ_pos/libA: equiv,12.8892  ; equiv,13.4603  ; equiv,12.7858  ; unknown,0.0000  
./nestedMerge/EQ_multipleEQ_pos2/libA: equiv,0.7647   ; equiv,0.7469   ; equiv,0.3832   ; unknown,0.0000  
./nestedMerge/EQ_multipleEXTRA_ultra_prime_sum/libA: equiv,88.8752  ; equiv,63.5574  ; equiv,114.9933 ; unknown,0.0000  
./nestedMerge/EQ_oddEQ_Add/libA: equiv,0.1828   ; equiv,0.1522   ; equiv,0.0408   ; unknown,0.0000  
./nestedMerge/EQ_oddEQ_Const/libA: equiv,0.1646   ; equiv,0.1638   ; equiv,0.0401   ; unknown,0.0000  
./nestedMerge/EQ_oddEQ_LoopMult20/libA: equiv,1.9791   ; equiv,2.0150   ; equiv,1.3594   ; unknown,0.0000  
./nestedMerge/EQ_oddEQ_LoopUnreach20/libA: equiv,1.2056   ; equiv,1.2595   ; equiv,0.5752   ; unknown,0.0000  
./nestedMerge/EQ_oddEQ_UnchLoop/libA: equiv,40.3346  ; equiv,40.6138  ; equiv,40.4086  ; unknown,0.0000  
./nestedMerge/EQ_oddEQ_divide/libA: equiv,0.4404   ; equiv,0.4425   ; equiv,0.1313   ; unknown,0.0000  
./nestedMerge/EQ_oddEQ_getSign2/libA: equiv,2.8470   ; equiv,2.7078   ; equiv,0.8705   ; unknown,0.0000  
./nestedMerge/EQ_oddEQ_is_prime1/libA: equiv,2.8843   ; equiv,2.7614   ; equiv,0.9301   ; unknown,0.0000  
./nestedMerge/EQ_oddEQ_is_prime2/libA: not equiv,3.2644   ; not equiv,4.4514   ; not equiv,0.0000   ; unknown,0.0000  
./nestedMerge/EQ_oddEQ_is_prime3/libA: equiv,7.0304   ; equiv,52.3724  ; equiv,41.9629  ; unknown,0.0000  
./nestedMerge/EQ_oddEQ_ltfive/libA: not equiv,1.7719   ; not equiv,2.1515   ; not equiv,0.0000   ; unknown,0.0000  
./nestedMerge/EQ_oddEQ_ltfiveBound/libA: equiv,1.2232   ; equiv,1.4007   ; equiv,0.6837   ; unknown,0.0000  
./nestedMerge/EQ_oddEQ_multiple/libA: not equiv,1.3346   ; not equiv,1.1144   ; not equiv,0.4119   ; unknown,0.0000  
./nestedMerge/EQ_oddEQ_multipleBound/libA: equiv,2.8214   ; equiv,2.8338   ; equiv,0.9554   ; unknown,0.0000  
./nestedMerge/EQ_oddEQ_odd/libA: equiv,15.6975  ; equiv,15.8258  ; equiv,13.9711  ; unknown,0.0000  
./nestedMerge/EQ_oddEQ_one/libA: not equiv,1.8298   ; not equiv,2.0336   ; not equiv,0.0000   ; unknown,0.0000  
./nestedMerge/EQ_oddEQ_oneBound/libA: equiv,1.0946   ; equiv,1.3042   ; equiv,0.7484   ; unknown,0.0000  
./nestedMerge/EQ_oddEQ_oneN2/libA: equiv,3.3275   ; equiv,4.2087   ; equiv,1.9024   ; unknown,0.0000  
./nestedMerge/EQ_oddEQ_pos/libA: equiv,12.4133  ; equiv,12.4838  ; equiv,12.0520  ; unknown,0.0000  
./nestedMerge/EQ_oddEQ_pos2/libA: equiv,0.3304   ; equiv,0.5495   ; equiv,0.3369   ; unknown,0.0000  
./nestedMerge/EQ_oddEQ_pos3/libA: equiv,1.3947   ; equiv,1.3064   ; equiv,0.5613   ; unknown,0.0000  
./nestedMerge/EQ_oddEXTRA_ultra_prime_sum/libA: equiv,83.7393  ; equiv,61.3858  ; equiv,114.2749 ; unknown,0.0000  
./nestedMerge/EQ_oddNEQ_LoopMult20/libA: equiv,2.1359   ; equiv,2.0560   ; equiv,1.3875   ; unknown,0.0000  
./nestedMerge/EQ_oddNEQ_LoopUnreach20/libA: not equiv,0.4727   ; not equiv,0.4543   ; not equiv,0.1744   ; unknown,0.0000  
./nestedMerge/EQ_oddNEQ_getSign/libA: not equiv,0.4321   ; not equiv,0.4374   ; not equiv,0.1826   ; unknown,0.0000  
./nestedMerge/EQ_oneBoundEQ_LoopMult20/libA: equiv,1.0873   ; equiv,1.4512   ; equiv,0.8807   ; unknown,0.0000  
./nestedMerge/EQ_oneBoundEQ_UnchLoop/libA: equiv,0.2988   ; equiv,0.4216   ; equiv,0.1635   ; unknown,0.0000  
./nestedMerge/EQ_oneBoundEQ_odd/libA: equiv,24.0866  ; equiv,25.8485  ; equiv,24.0001  ; unknown,0.0000  
./nestedMerge/EQ_oneBoundEQ_pos/libA: equiv,26.6130  ; equiv,27.1784  ; equiv,25.2306  ; unknown,0.0000  
./nestedMerge/EQ_oneBoundEQ_pos2/libA: equiv,0.4202   ; equiv,0.6102   ; equiv,0.1956   ; unknown,0.0000  
./nestedMerge/EQ_oneBoundEXTRA_ultra_prime_sum/libA: equiv,158.1737 ; equiv,83.4034  ; equiv,154.6123 ; unknown,0.0000  
./nestedMerge/EQ_oneEQ_LoopMult20/libA: equiv,2.5435   ; equiv,2.9372   ; equiv,2.4531   ; unknown,0.0000  
./nestedMerge/EQ_oneEQ_UnchLoop/libA: equiv,0.2252   ; equiv,0.3229   ; equiv,0.1465   ; unknown,0.0000  
./nestedMerge/EQ_oneEQ_odd/libA: equiv,13.6626  ; equiv,14.2319  ; equiv,13.6990  ; unknown,0.0000  
./nestedMerge/EQ_oneEQ_pos/libA: equiv,14.3615  ; equiv,15.0511  ; equiv,14.4281  ; unknown,0.0000  
./nestedMerge/EQ_oneEQ_pos2/libA: equiv,0.3614   ; equiv,0.5004   ; equiv,0.1595   ; unknown,0.0000  
./nestedMerge/EQ_oneEXTRA_ultra_prime_sum/libA: equiv,157.0155 ; equiv,100.1817 ; equiv,170.8813 ; unknown,0.0000  
./nestedMerge/EQ_oneN2EQ_LoopMult20/libA: equiv,2.5317   ; equiv,2.9106   ; equiv,2.4373   ; unknown,0.0000  
./nestedMerge/EQ_oneN2EQ_UnchLoop/libA: equiv,0.2286   ; equiv,0.3738   ; equiv,0.1409   ; unknown,0.0000  
./nestedMerge/EQ_oneN2EQ_odd/libA: equiv,13.6932  ; equiv,14.2147  ; equiv,13.6669  ; unknown,0.0000  
./nestedMerge/EQ_oneN2EQ_pos/libA: equiv,14.4047  ; equiv,15.1071  ; equiv,14.4838  ; unknown,0.0000  
./nestedMerge/EQ_oneN2EQ_pos2/libA: equiv,0.3635   ; equiv,0.5339   ; equiv,0.1554   ; unknown,0.0000  
./nestedMerge/EQ_oneN2EXTRA_ultra_prime_sum/libA: equiv,145.6411 ; equiv,88.9836  ; equiv,160.2015 ; unknown,0.0000  
./nestedMerge/EQ_pos2EQ_Add/libA: equiv,0.2631   ; equiv,0.3590   ; equiv,0.1280   ; unknown,0.0000  
./nestedMerge/EQ_pos2EQ_Const/libA: equiv,0.2003   ; equiv,0.3515   ; equiv,0.1270   ; unknown,0.0000  
./nestedMerge/EQ_pos2EQ_LoopMult20/libA: equiv,0.4559   ; equiv,0.7248   ; equiv,0.2581   ; unknown,0.0000  
./nestedMerge/EQ_pos2EQ_LoopUnreach20/libA: equiv,0.4310   ; equiv,0.7545   ; equiv,0.2529   ; unknown,0.0000  
./nestedMerge/EQ_pos2EQ_UnchLoop/libA: equiv,0.2276   ; equiv,0.3873   ; equiv,0.1515   ; unknown,0.0000  
./nestedMerge/EQ_pos2EQ_divide/libA: equiv,0.2773   ; equiv,0.4025   ; equiv,0.1199   ; unknown,0.0000  
./nestedMerge/EQ_pos2EQ_getSign2/libA: equiv,0.4164   ; equiv,0.6933   ; equiv,0.2560   ; unknown,0.0000  
./nestedMerge/EQ_pos2EQ_is_prime1/libA: equiv,0.3969   ; equiv,0.7321   ; equiv,0.2775   ; unknown,0.0000  
./nestedMerge/EQ_pos2EQ_is_prime2/libA: equiv,0.5615   ; equiv,0.8744   ; equiv,0.3030   ; unknown,0.0000  
./nestedMerge/EQ_pos2EQ_is_prime3/libA: equiv,3.0556   ; equiv,3.6653   ; equiv,3.0616   ; unknown,0.0000  
./nestedMerge/EQ_pos2EQ_ltfive/libA: not equiv,0.9031   ; not equiv,1.4820   ; not equiv,0.0000   ; unknown,0.0000  
./nestedMerge/EQ_pos2EQ_ltfiveBound/libA: equiv,0.7315   ; equiv,1.0725   ; equiv,0.3650   ; unknown,0.0000  
./nestedMerge/EQ_pos2EQ_multiple/libA: not equiv,1.0461   ; not equiv,1.6171   ; not equiv,0.0000   ; unknown,0.0000  
./nestedMerge/EQ_pos2EQ_multipleBound/libA: equiv,0.7331   ; equiv,1.0911   ; equiv,0.5520   ; unknown,0.0000  
./nestedMerge/EQ_pos2EQ_odd/libA: equiv,29.5764  ; equiv,30.8171  ; equiv,28.9511  ; unknown,0.0000  
./nestedMerge/EQ_pos2EQ_one/libA: not equiv,0.7878   ; not equiv,1.3569   ; not equiv,0.0000   ; unknown,0.0000  
./nestedMerge/EQ_pos2EQ_oneBound/libA: equiv,0.6316   ; equiv,0.9768   ; equiv,0.3325   ; unknown,0.0000  
./nestedMerge/EQ_pos2EQ_oneN2/libA: not equiv,0.7969   ; not equiv,1.3903   ; not equiv,0.0000   ; unknown,0.0000  
./nestedMerge/EQ_pos2EQ_pos/libA: equiv,22.8505  ; equiv,24.2296  ; equiv,22.5160  ; unknown,0.0000  
./nestedMerge/EQ_pos2EQ_pos2/libA: equiv,0.3743   ; equiv,0.5309   ; equiv,0.1533   ; unknown,0.0000  
./nestedMerge/EQ_pos2EQ_pos3/libA: equiv,0.2812   ; equiv,0.4174   ; equiv,0.1438   ; unknown,0.0000  
./nestedMerge/EQ_pos2EXTRA_ultra_prime_sum/libA: equiv,145.3446 ; equiv,83.3297  ; equiv,154.8941 ; unknown,0.0000  
./nestedMerge/EQ_pos2NEQ_LoopMult20/libA: equiv,0.4414   ; equiv,0.7501   ; equiv,0.2837   ; unknown,0.0000  
./nestedMerge/EQ_pos2NEQ_LoopUnreach20/libA: equiv,0.4220   ; equiv,0.7710   ; equiv,0.2903   ; unknown,0.0000  
./nestedMerge/EQ_pos2NEQ_getSign/libA: not equiv,0.5926   ; not equiv,1.1364   ; not equiv,0.0000   ; unknown,0.0000  
./nestedMerge/EQ_pos3EQ_LoopMult20/libA: equiv,0.9141   ; equiv,0.9039   ; equiv,0.3678   ; unknown,0.0000  
./nestedMerge/EQ_pos3EQ_UnchLoop/libA: equiv,40.2652  ; equiv,40.2936  ; equiv,40.1558  ; unknown,0.0000  
./nestedMerge/EQ_pos3EQ_odd/libA: equiv,11.4924  ; equiv,11.5239  ; equiv,10.9067  ; unknown,0.0000  
./nestedMerge/EQ_pos3EQ_pos/libA: equiv,22.1032  ; equiv,23.8708  ; equiv,22.1659  ; unknown,0.0000  
./nestedMerge/EQ_pos3EQ_pos2/libA: equiv,0.3113   ; equiv,0.4284   ; equiv,0.1883   ; unknown,0.0000  
./nestedMerge/EQ_pos3EXTRA_ultra_prime_sum/libA: equiv,83.5412  ; equiv,58.5172  ; equiv,109.6557 ; unknown,0.0000  
./nestedMerge/EQ_posEQ_Add/libA: equiv,0.2420   ; equiv,0.4282   ; equiv,0.1682   ; unknown,0.0000  
./nestedMerge/EQ_posEQ_Const/libA: equiv,0.2394   ; equiv,0.4430   ; equiv,0.1906   ; unknown,0.0000  
./nestedMerge/EQ_posEQ_LoopMult20/libA: equiv,0.5156   ; equiv,0.8688   ; equiv,0.3582   ; unknown,0.0000  
./nestedMerge/EQ_posEQ_LoopUnreach20/libA: equiv,0.5353   ; equiv,0.8320   ; equiv,0.3179   ; unknown,0.0000  
./nestedMerge/EQ_posEQ_UnchLoop/libA: equiv,0.2751   ; equiv,0.4632   ; equiv,0.1835   ; unknown,0.0000  
./nestedMerge/EQ_posEQ_divide/libA: equiv,0.3348   ; equiv,0.4465   ; equiv,0.1481   ; unknown,0.0000  
./nestedMerge/EQ_posEQ_getSign2/libA: equiv,0.5017   ; equiv,0.8494   ; equiv,0.3184   ; unknown,0.0000  
./nestedMerge/EQ_posEQ_is_prime1/libA: equiv,0.5091   ; equiv,0.7732   ; equiv,0.2715   ; unknown,0.0000  
./nestedMerge/EQ_posEQ_is_prime2/libA: equiv,0.6429   ; equiv,1.0650   ; equiv,0.3518   ; unknown,0.0000  
./nestedMerge/EQ_posEQ_is_prime3/libA: equiv,4.0446   ; equiv,4.4008   ; equiv,3.9632   ; unknown,0.0000  
./nestedMerge/EQ_posEQ_ltfive/libA: not equiv,1.0999   ; not equiv,1.8570   ; not equiv,0.0000   ; unknown,0.0000  
./nestedMerge/EQ_posEQ_ltfiveBound/libA: equiv,0.9056   ; equiv,1.2516   ; equiv,0.4398   ; unknown,0.0000  
./nestedMerge/EQ_posEQ_multiple/libA: not equiv,1.2866   ; not equiv,1.9252   ; not equiv,0.0000   ; unknown,0.0000  
./nestedMerge/EQ_posEQ_multipleBound/libA: equiv,0.9587   ; equiv,1.2891   ; equiv,0.6997   ; unknown,0.0000  
./nestedMerge/EQ_posEQ_odd/libA: equiv,25.4666  ; equiv,33.2675  ; equiv,31.1812  ; unknown,0.0000  
./nestedMerge/EQ_posEQ_one/libA: not equiv,0.9651   ; not equiv,1.4835   ; not equiv,0.0000   ; unknown,0.0000  
./nestedMerge/EQ_posEQ_oneBound/libA: equiv,0.8291   ; equiv,1.0574   ; equiv,0.4133   ; unknown,0.0000  
./nestedMerge/EQ_posEQ_oneN2/libA: not equiv,1.0528   ; not equiv,1.6059   ; not equiv,0.0000   ; unknown,0.0000  
./nestedMerge/EQ_posEQ_pos/libA: equiv,23.5667  ; equiv,24.9242  ; equiv,23.0518  ; unknown,0.0000  
./nestedMerge/EQ_posEQ_pos2/libA: equiv,0.4110   ; equiv,0.6120   ; equiv,0.1945   ; unknown,0.0000  
./nestedMerge/EQ_posEQ_pos3/libA: equiv,0.2913   ; equiv,0.5032   ; equiv,0.1752   ; unknown,0.0000  
./nestedMerge/EQ_posEXTRA_ultra_prime_sum/libA: equiv,146.7829 ; equiv,100.0291 ; equiv,171.1384 ; unknown,0.0000  
./nestedMerge/EQ_posNEQ_LoopMult20/libA: equiv,0.4615   ; equiv,0.7310   ; equiv,0.2585   ; unknown,0.0000  
./nestedMerge/EQ_posNEQ_LoopUnreach20/libA: equiv,0.4187   ; equiv,0.7288   ; equiv,0.2499   ; unknown,0.0000  
./nestedMerge/EQ_posNEQ_getSign/libA: not equiv,0.6027   ; not equiv,1.1787   ; not equiv,0.0000   ; unknown,0.0000  
./nestedMerge/EXTRA_ultra_prime_sumEQ_Add/libA: equiv,0.3106   ; equiv,0.4204   ; equiv,0.1475   ; unknown,0.0000  
./nestedMerge/EXTRA_ultra_prime_sumEQ_Const/libA: equiv,0.3560   ; equiv,0.4289   ; equiv,0.1784   ; unknown,0.0000  
./nestedMerge/EXTRA_ultra_prime_sumEQ_LoopMult20/libA: equiv,3.3302   ; equiv,3.1283   ; equiv,2.7340   ; unknown,0.0000  
./nestedMerge/EXTRA_ultra_prime_sumEQ_LoopUnreach20/libA: equiv,2.1323   ; equiv,2.2372   ; equiv,1.3941   ; unknown,0.0000  
./nestedMerge/EXTRA_ultra_prime_sumEQ_UnchLoop/libA: equiv,80.6194  ; equiv,40.8814  ; equiv,81.0030  ; unknown,0.0000  
./nestedMerge/EXTRA_ultra_prime_sumEQ_divide/libA: equiv,0.8405   ; equiv,0.8268   ; equiv,0.3159   ; unknown,0.0000  
./nestedMerge/EXTRA_ultra_prime_sumEQ_getSign2/libA: equiv,5.4565   ; equiv,4.1775   ; equiv,2.3306   ; unknown,0.0000  
./nestedMerge/EXTRA_ultra_prime_sumEQ_is_prime1/libA: equiv,5.3285   ; equiv,4.4192   ; equiv,2.6999   ; unknown,0.0000  
./nestedMerge/EXTRA_ultra_prime_sumEQ_is_prime2/libA: timeout,300.0000 ; timeout,300.0000 ; timeout,300.0000 ; unknown,0.0000  
./nestedMerge/EXTRA_ultra_prime_sumEQ_is_prime3/libA: equiv,16.9575  ; equiv,4.1134   ; equiv,2.8150   ; unknown,0.0000  
./nestedMerge/EXTRA_ultra_prime_sumEQ_ltfive/libA: equiv,62.6807  ; equiv,71.7170  ; equiv,69.9818  ; unknown,0.0000  
./nestedMerge/EXTRA_ultra_prime_sumEQ_ltfiveBound/libA: equiv,1.7555   ; equiv,2.0727   ; equiv,0.9898   ; unknown,0.0000  
./nestedMerge/EXTRA_ultra_prime_sumEQ_multiple/libA: equiv,87.4889  ; equiv,82.2974  ; equiv,80.2205  ; unknown,0.0000  
./nestedMerge/EXTRA_ultra_prime_sumEQ_multipleBound/libA: equiv,2.0378   ; equiv,2.4076   ; equiv,1.2552   ; unknown,0.0000  
./nestedMerge/EXTRA_ultra_prime_sumEQ_odd/libA: equiv,24.1800  ; equiv,14.1102  ; equiv,24.5212  ; unknown,0.0000  
./nestedMerge/EXTRA_ultra_prime_sumEQ_one/libA: not equiv,2.2650   ; not equiv,2.3901   ; not equiv,0.0000   ; unknown,0.0000  
./nestedMerge/EXTRA_ultra_prime_sumEQ_oneBound/libA: equiv,1.3230   ; equiv,1.6401   ; equiv,0.9071   ; unknown,0.0000  
./nestedMerge/EXTRA_ultra_prime_sumEQ_oneN2/libA: equiv,30.3112  ; equiv,30.4810  ; equiv,28.7782  ; unknown,0.0000  
./nestedMerge/EXTRA_ultra_prime_sumEQ_pos/libA: equiv,33.0388  ; equiv,23.0818  ; equiv,33.1854  ; unknown,0.0000  
./nestedMerge/EXTRA_ultra_prime_sumEQ_pos2/libA: equiv,0.7761   ; equiv,0.9139   ; equiv,0.4633   ; unknown,0.0000  
./nestedMerge/EXTRA_ultra_prime_sumEQ_pos3/libA: equiv,1.9977   ; equiv,2.1775   ; equiv,1.1950   ; unknown,0.0000  
./nestedMerge/EXTRA_ultra_prime_sumEXTRA_ultra_prime_sum/libA: equiv,139.8732 ; equiv,90.0828  ; equiv,161.0661 ; unknown,0.0000  
./nestedMerge/EXTRA_ultra_prime_sumNEQ_LoopMult20/libA: equiv,58.9452  ; equiv,61.0015  ; equiv,59.8098  ; unknown,0.0000  
./nestedMerge/EXTRA_ultra_prime_sumNEQ_LoopUnreach20/libA: not equiv,4.1474   ; not equiv,6.9915   ; not equiv,0.0000   ; unknown,0.0000  
./nestedMerge/EXTRA_ultra_prime_sumNEQ_getSign/libA: not equiv,0.9305   ; not equiv,1.5582   ; not equiv,0.0000   ; unknown,0.0000  
./nestedMerge/NEQ_LoopMult20EQ_LoopMult20/libA: equiv,1.5707   ; equiv,1.5651   ; equiv,1.0230   ; unknown,0.0000  
./nestedMerge/NEQ_LoopMult20EQ_UnchLoop/libA: equiv,40.2662  ; equiv,40.2953  ; equiv,40.1559  ; unknown,0.0000  
./nestedMerge/NEQ_LoopMult20EQ_odd/libA: equiv,1.2149   ; equiv,1.2126   ; equiv,0.6269   ; unknown,0.0000  
./nestedMerge/NEQ_LoopMult20EQ_pos/libA: equiv,0.7623   ; equiv,1.1794   ; equiv,0.6663   ; unknown,0.0000  
./nestedMerge/NEQ_LoopMult20EQ_pos2/libA: equiv,0.2739   ; equiv,0.4601   ; equiv,0.1969   ; unknown,0.0000  
./nestedMerge/NEQ_LoopMult20EXTRA_ultra_prime_sum/libA: equiv,86.0991  ; equiv,54.7576  ; equiv,104.5610 ; unknown,0.0000  
./nestedMerge/NEQ_LoopUnreach20EQ_LoopMult20/libA: equiv,2.1919   ; equiv,1.9855   ; equiv,1.3225   ; unknown,0.0000  
./nestedMerge/NEQ_LoopUnreach20EQ_UnchLoop/libA: equiv,40.3343  ; equiv,40.5655  ; equiv,40.3586  ; unknown,0.0000  
./nestedMerge/NEQ_LoopUnreach20EQ_odd/libA: equiv,2.9812   ; equiv,2.9117   ; equiv,1.1001   ; unknown,0.0000  
./nestedMerge/NEQ_LoopUnreach20EQ_pos/libA: equiv,1.4645   ; equiv,1.5889   ; equiv,0.9781   ; unknown,0.0000  
./nestedMerge/NEQ_LoopUnreach20EQ_pos2/libA: equiv,0.7614   ; equiv,0.8133   ; equiv,0.3875   ; unknown,0.0000  
./nestedMerge/NEQ_LoopUnreach20EXTRA_ultra_prime_sum/libA: equiv,101.2886 ; equiv,70.0344  ; equiv,125.3796 ; unknown,0.0000  
./nestedMerge/NEQ_getSignEQ_LoopMult20/libA: equiv,5.0271   ; equiv,4.3595   ; equiv,2.4578   ; unknown,0.0000  
./nestedMerge/NEQ_getSignEQ_UnchLoop/libA: equiv,40.7762  ; equiv,40.7819  ; equiv,40.4429  ; unknown,0.0000  
./nestedMerge/NEQ_getSignEQ_odd/libA: equiv,15.5750  ; equiv,15.7185  ; equiv,13.8648  ; unknown,0.0000  
./nestedMerge/NEQ_getSignEQ_pos/libA: equiv,12.9498  ; equiv,13.2205  ; equiv,12.6156  ; unknown,0.0000  
./nestedMerge/NEQ_getSignEQ_pos2/libA: equiv,0.6754   ; equiv,0.7069   ; equiv,0.3755   ; unknown,0.0000  
./nestedMerge/NEQ_getSignEXTRA_ultra_prime_sum/libA: equiv,103.2087 ; equiv,74.8726  ; equiv,138.7591 ; unknown,0.0000  
./mergedHard/EQ_AddEQ_LoopMult20/libA: equiv,0.1816   ; equiv,0.3576   ; equiv,0.1333   ; unknown,0.0000  
./mergedHard/EQ_AddEQ_UnchLoop/libA: equiv,0.1578   ; equiv,0.3376   ; equiv,0.1436   ; unknown,0.0000  
./mergedHard/EQ_AddEQ_odd/libA: equiv,0.1840   ; equiv,0.3205   ; equiv,0.1317   ; unknown,0.0000  
./mergedHard/EQ_AddEQ_pos/libA: equiv,0.2138   ; equiv,0.3328   ; equiv,0.1162   ; unknown,0.0000  
./mergedHard/EQ_AddEQ_pos2/libA: equiv,0.2122   ; equiv,0.3666   ; equiv,0.1249   ; unknown,0.0000  
./mergedHard/EQ_AddEXTRA_ultra_prime_sum/libA: equiv,0.4894   ; equiv,0.6324   ; equiv,0.3245   ; unknown,0.0000  
./mergedHard/EQ_ConstEQ_LoopMult20/libA: equiv,0.1835   ; equiv,0.3427   ; equiv,0.1166   ; unknown,0.0000  
./mergedHard/EQ_ConstEQ_UnchLoop/libA: equiv,0.1645   ; equiv,0.3173   ; equiv,0.1315   ; unknown,0.0000  
./mergedHard/EQ_ConstEQ_odd/libA: equiv,0.1840   ; equiv,0.3295   ; equiv,0.1221   ; unknown,0.0000  
./mergedHard/EQ_ConstEQ_pos/libA: equiv,0.2163   ; equiv,0.3649   ; equiv,0.1319   ; unknown,0.0000  
./mergedHard/EQ_ConstEQ_pos2/libA: equiv,0.2188   ; equiv,0.3804   ; equiv,0.1206   ; unknown,0.0000  
./mergedHard/EQ_ConstEXTRA_ultra_prime_sum/libA: equiv,0.5057   ; equiv,0.6690   ; equiv,0.3720   ; unknown,0.0000  
./mergedHard/EQ_LoopMult20EQ_Add/libA: equiv,0.6122   ; equiv,0.9445   ; equiv,0.5453   ; unknown,0.0000  
./mergedHard/EQ_LoopMult20EQ_Const/libA: equiv,0.6085   ; equiv,0.9357   ; equiv,0.5601   ; unknown,0.0000  
./mergedHard/EQ_LoopMult20EQ_LoopMult20/libA: equiv,1.0780   ; equiv,1.4431   ; equiv,0.9868   ; unknown,0.0000  
./mergedHard/EQ_LoopMult20EQ_LoopUnreach20/libA: equiv,1.1083   ; equiv,1.4265   ; equiv,0.9998   ; unknown,0.0000  
./mergedHard/EQ_LoopMult20EQ_UnchLoop/libA: equiv,0.6525   ; equiv,0.9023   ; equiv,0.5380   ; unknown,0.0000  
./mergedHard/EQ_LoopMult20EQ_divide/libA: not equiv,0.7085   ; not equiv,1.2712   ; not equiv,0.0000   ; unknown,0.0000  
./mergedHard/EQ_LoopMult20EQ_getSign2/libA: timeout,300.0000 ; timeout,300.0000 ; timeout,300.0000 ; unknown,0.0000  
./mergedHard/EQ_LoopMult20EQ_is_prime1/libA: equiv,11.5879  ; equiv,12.2138  ; equiv,11.7379  ; unknown,0.0000  
./mergedHard/EQ_LoopMult20EQ_is_prime2/libA: equiv,12.0963  ; equiv,43.3165  ; equiv,42.7677  ; unknown,0.0000  
./mergedHard/EQ_LoopMult20EQ_is_prime3/libA: not equiv,3.6267   ; not equiv,3.7451   ; not equiv,0.0000   ; unknown,0.0000  
./mergedHard/EQ_LoopMult20EQ_ltfive/libA: timeout,300.0000 ; timeout,300.0000 ; timeout,300.0000 ; unknown,0.0000  
./mergedHard/EQ_LoopMult20EQ_ltfiveBound/libA: equiv,19.9496  ; equiv,25.7088  ; equiv,25.0983  ; unknown,0.0000  
./mergedHard/EQ_LoopMult20EQ_multiple/libA: timeout,300.0000 ; timeout,300.0000 ; timeout,300.0000 ; unknown,0.0000  
./mergedHard/EQ_LoopMult20EQ_multipleBound/libA: timeout,300.0000 ; timeout,300.0000 ; timeout,300.0000 ; unknown,0.0000  
./mergedHard/EQ_LoopMult20EQ_odd/libA: timeout,300.0000 ; timeout,300.0000 ; timeout,300.0000 ; unknown,0.0000  
./mergedHard/EQ_LoopMult20EQ_one/libA: timeout,300.0000 ; timeout,300.0000 ; timeout,300.0000 ; unknown,0.0000  
./mergedHard/EQ_LoopMult20EQ_oneBound/libA: timeout,300.0000 ; timeout,300.0000 ; timeout,300.0000 ; unknown,0.0000  
./mergedHard/EQ_LoopMult20EQ_oneN2/libA: timeout,300.0000 ; timeout,300.0000 ; timeout,300.0000 ; unknown,0.0000  
./mergedHard/EQ_LoopMult20EQ_pos/libA: equiv,0.6794   ; equiv,0.9895   ; equiv,0.5426   ; unknown,0.0000  
./mergedHard/EQ_LoopMult20EQ_pos2/libA: equiv,0.6551   ; equiv,1.0148   ; equiv,0.5477   ; unknown,0.0000  
./mergedHard/EQ_LoopMult20EQ_pos3/libA: equiv,0.6089   ; equiv,0.9535   ; equiv,0.5431   ; unknown,0.0000  
./mergedHard/EQ_LoopMult20EXTRA_ultra_prime_sum/libA: timeout,300.0000 ; timeout,300.0000 ; timeout,300.0000 ; unknown,0.0000  
./mergedHard/EQ_LoopMult20NEQ_LoopMult20/libA: equiv,1.0912   ; equiv,1.3870   ; equiv,1.0008   ; unknown,0.0000  
./mergedHard/EQ_LoopMult20NEQ_LoopUnreach20/libA: equiv,1.0943   ; equiv,1.3799   ; equiv,0.9896   ; unknown,0.0000  
./mergedHard/EQ_LoopMult20NEQ_getSign/libA: timeout,300.0000 ; timeout,300.0000 ; timeout,300.0000 ; unknown,0.0000  
./mergedHard/EQ_LoopUnreach20EQ_LoopMult20/libA: equiv,0.4139   ; equiv,0.7324   ; equiv,0.3060   ; unknown,0.0000  
./mergedHard/EQ_LoopUnreach20EQ_UnchLoop/libA: equiv,0.3327   ; equiv,0.6575   ; equiv,0.2748   ; unknown,0.0000  
./mergedHard/EQ_LoopUnreach20EQ_odd/libA: equiv,0.3797   ; equiv,0.7057   ; equiv,0.2912   ; unknown,0.0000  
./mergedHard/EQ_LoopUnreach20EQ_pos/libA: equiv,0.4387   ; equiv,0.7653   ; equiv,0.3322   ; unknown,0.0000  
./mergedHard/EQ_LoopUnreach20EQ_pos2/libA: equiv,0.4356   ; equiv,0.7130   ; equiv,0.2864   ; unknown,0.0000  
./mergedHard/EQ_LoopUnreach20EXTRA_ultra_prime_sum/libA: equiv,2.8268   ; equiv,3.7686   ; equiv,1.9637   ; unknown,0.0000  
./mergedHard/EQ_UnchLoopEQ_Add/libA: equiv,0.1844   ; equiv,0.3394   ; equiv,0.1417   ; unknown,0.0000  
./mergedHard/EQ_UnchLoopEQ_Const/libA: equiv,0.1850   ; equiv,0.3035   ; equiv,0.1369   ; unknown,0.0000  
./mergedHard/EQ_UnchLoopEQ_LoopMult20/libA: equiv,0.2098   ; equiv,0.3526   ; equiv,0.1514   ; unknown,0.0000  
./mergedHard/EQ_UnchLoopEQ_LoopUnreach20/libA: equiv,0.2155   ; equiv,0.3622   ; equiv,0.1459   ; unknown,0.0000  
./mergedHard/EQ_UnchLoopEQ_UnchLoop/libA: equiv,0.1853   ; equiv,0.3119   ; equiv,0.1460   ; unknown,0.0000  
./mergedHard/EQ_UnchLoopEQ_divide/libA: equiv,0.2144   ; equiv,0.3243   ; equiv,0.1465   ; unknown,0.0000  
./mergedHard/EQ_UnchLoopEQ_getSign2/libA: equiv,0.2076   ; equiv,0.3263   ; equiv,0.1260   ; unknown,0.0000  
./mergedHard/EQ_UnchLoopEQ_is_prime1/libA: equiv,0.1904   ; equiv,0.3421   ; equiv,0.1461   ; unknown,0.0000  
./mergedHard/EQ_UnchLoopEQ_is_prime2/libA: equiv,0.2396   ; equiv,0.3622   ; equiv,0.1261   ; unknown,0.0000  
./mergedHard/EQ_UnchLoopEQ_is_prime3/libA: equiv,0.4480   ; equiv,0.5240   ; equiv,0.2721   ; unknown,0.0000  
./mergedHard/EQ_UnchLoopEQ_ltfive/libA: equiv,0.2768   ; equiv,0.4191   ; equiv,0.1355   ; unknown,0.0000  
./mergedHard/EQ_UnchLoopEQ_ltfiveBound/libA: equiv,0.3062   ; equiv,0.4473   ; equiv,0.1361   ; unknown,0.0000  
./mergedHard/EQ_UnchLoopEQ_multiple/libA: equiv,0.2160   ; equiv,0.3791   ; equiv,0.1459   ; unknown,0.0000  
./mergedHard/EQ_UnchLoopEQ_multipleBound/libA: equiv,0.2384   ; equiv,0.3791   ; equiv,0.1367   ; unknown,0.0000  
./mergedHard/EQ_UnchLoopEQ_odd/libA: equiv,0.2094   ; equiv,0.3743   ; equiv,0.1506   ; unknown,0.0000  
./mergedHard/EQ_UnchLoopEQ_one/libA: equiv,0.2326   ; equiv,0.3939   ; equiv,0.1511   ; unknown,0.0000  
./mergedHard/EQ_UnchLoopEQ_oneBound/libA: equiv,0.2616   ; equiv,0.4064   ; equiv,0.1463   ; unknown,0.0000  
./mergedHard/EQ_UnchLoopEQ_oneN2/libA: equiv,0.2339   ; equiv,0.3986   ; equiv,0.1301   ; unknown,0.0000  
./mergedHard/EQ_UnchLoopEQ_pos/libA: equiv,0.2460   ; equiv,0.3765   ; equiv,0.1269   ; unknown,0.0000  
./mergedHard/EQ_UnchLoopEQ_pos2/libA: equiv,0.2425   ; equiv,0.3950   ; equiv,0.1463   ; unknown,0.0000  
./mergedHard/EQ_UnchLoopEQ_pos3/libA: equiv,0.2084   ; equiv,0.3550   ; equiv,0.1410   ; unknown,0.0000  
./mergedHard/EQ_UnchLoopEXTRA_ultra_prime_sum/libA: equiv,40.6679  ; equiv,40.7603  ; equiv,40.6173  ; unknown,0.0000  
./mergedHard/EQ_UnchLoopNEQ_LoopMult20/libA: equiv,0.2282   ; equiv,0.4154   ; equiv,0.1728   ; unknown,0.0000  
./mergedHard/EQ_UnchLoopNEQ_LoopUnreach20/libA: equiv,0.2295   ; equiv,0.3758   ; equiv,0.1683   ; unknown,0.0000  
./mergedHard/EQ_UnchLoopNEQ_getSign/libA: equiv,0.2080   ; equiv,0.3740   ; equiv,0.1609   ; unknown,0.0000  
./mergedHard/EQ_divideEQ_LoopMult20/libA: equiv,0.2341   ; equiv,0.3796   ; equiv,0.1547   ; unknown,0.0000  
./mergedHard/EQ_divideEQ_UnchLoop/libA: equiv,0.2147   ; equiv,0.3483   ; equiv,0.1427   ; unknown,0.0000  
./mergedHard/EQ_divideEQ_odd/libA: equiv,0.2282   ; equiv,0.3917   ; equiv,0.1481   ; unknown,0.0000  
./mergedHard/EQ_divideEQ_pos/libA: equiv,0.2666   ; equiv,0.4795   ; equiv,0.1704   ; unknown,0.0000  
./mergedHard/EQ_divideEQ_pos2/libA: equiv,0.2696   ; equiv,0.4356   ; equiv,0.1594   ; unknown,0.0000  
./mergedHard/EQ_divideEXTRA_ultra_prime_sum/libA: equiv,0.5670   ; equiv,0.7125   ; equiv,0.2545   ; unknown,0.0000  
./mergedHard/EQ_getSign2EQ_LoopMult20/libA: equiv,0.4451   ; equiv,0.7209   ; equiv,0.3513   ; unknown,0.0000  
./mergedHard/EQ_getSign2EQ_UnchLoop/libA: equiv,0.3479   ; equiv,0.6214   ; equiv,0.2467   ; unknown,0.0000  
./mergedHard/EQ_getSign2EQ_odd/libA: not equiv,0.6590   ; not equiv,1.2348   ; not equiv,0.0000   ; unknown,0.0000  
./mergedHard/EQ_getSign2EQ_pos/libA: not equiv,0.7358   ; not equiv,1.3917   ; not equiv,0.0000   ; unknown,0.0000  
./mergedHard/EQ_getSign2EQ_pos2/libA: not equiv,0.7541   ; not equiv,1.2385   ; not equiv,0.0000   ; unknown,0.0000  
./mergedHard/EQ_getSign2EXTRA_ultra_prime_sum/libA: not equiv,2.7516   ; not equiv,3.5507   ; not equiv,0.0000   ; unknown,0.0000  
./mergedHard/EQ_is_prime1EQ_LoopMult20/libA: not equiv,1.2692   ; not equiv,1.8454   ; not equiv,0.0000   ; unknown,0.0000  
./mergedHard/EQ_is_prime1EQ_UnchLoop/libA: not equiv,0.6040   ; not equiv,1.0579   ; not equiv,0.0000   ; unknown,0.0000  
./mergedHard/EQ_is_prime1EQ_odd/libA: not equiv,1.3117   ; not equiv,1.8105   ; not equiv,0.0000   ; unknown,0.0000  
./mergedHard/EQ_is_prime1EQ_pos/libA: equiv,2.0556   ; equiv,2.3178   ; equiv,1.8026   ; unknown,0.0000  
./mergedHard/EQ_is_prime1EQ_pos2/libA: equiv,2.1029   ; equiv,2.3319   ; equiv,1.8165   ; unknown,0.0000  
./mergedHard/EQ_is_prime1EXTRA_ultra_prime_sum/libA: timeout,300.0000 ; timeout,300.0000 ; timeout,300.0000 ; unknown,0.0000  
./mergedHard/EQ_is_prime2EQ_LoopMult20/libA: not equiv,1.7256   ; not equiv,2.3048   ; not equiv,0.0000   ; unknown,0.0000  
./mergedHard/EQ_is_prime2EQ_UnchLoop/libA: not equiv,1.1488   ; not equiv,1.6453   ; not equiv,0.0000   ; unknown,0.0000  
./mergedHard/EQ_is_prime2EQ_odd/libA: not equiv,1.8214   ; not equiv,2.3751   ; not equiv,0.0000   ; unknown,0.0000  
./mergedHard/EQ_is_prime2EQ_pos/libA: not equiv,9.6633   ; not equiv,9.8500   ; not equiv,0.0000   ; unknown,0.0000  
./mergedHard/EQ_is_prime2EQ_pos2/libA: not equiv,9.5930   ; not equiv,9.8267   ; not equiv,0.0000   ; unknown,0.0000  
./mergedHard/EQ_is_prime2EXTRA_ultra_prime_sum/libA: not equiv,6.2077   ; not equiv,8.2064   ; not equiv,0.0000   ; unknown,0.0000  
./mergedHard/EQ_is_prime3EQ_LoopMult20/libA: not equiv,5.4126   ; not equiv,7.4490   ; not equiv,0.0000   ; unknown,0.0000  
./mergedHard/EQ_is_prime3EQ_UnchLoop/libA: not equiv,2.3947   ; not equiv,3.3926   ; not equiv,0.0000   ; unknown,0.0000  
./mergedHard/EQ_is_prime3EQ_odd/libA: not equiv,4.5303   ; not equiv,5.6002   ; not equiv,0.0000   ; unknown,0.0000  
./mergedHard/EQ_is_prime3EQ_pos/libA: equiv,17.5521  ; equiv,19.8057  ; equiv,20.9134  ; unknown,0.0000  
./mergedHard/EQ_is_prime3EQ_pos2/libA: equiv,17.5753  ; equiv,19.3597  ; equiv,20.3735  ; unknown,0.0000  
./mergedHard/EQ_is_prime3EXTRA_ultra_prime_sum/libA: not equiv,7.3998   ; not equiv,8.9448   ; not equiv,0.0000   ; unknown,0.0000  
./mergedHard/EQ_ltfiveBoundEQ_LoopMult20/libA: equiv,0.4911   ; equiv,0.8300   ; equiv,0.3604   ; unknown,0.0000  
./mergedHard/EQ_ltfiveBoundEQ_UnchLoop/libA: equiv,0.4235   ; equiv,0.7899   ; equiv,0.2983   ; unknown,0.0000  
./mergedHard/EQ_ltfiveBoundEQ_odd/libA: not equiv,0.7387   ; not equiv,1.2646   ; not equiv,0.0000   ; unknown,0.0000  
./mergedHard/EQ_ltfiveBoundEQ_pos/libA: not equiv,0.7680   ; not equiv,1.3474   ; not equiv,0.0000   ; unknown,0.0000  
./mergedHard/EQ_ltfiveBoundEQ_pos2/libA: not equiv,0.7665   ; not equiv,1.3347   ; not equiv,0.0000   ; unknown,0.0000  
./mergedHard/EQ_ltfiveBoundEXTRA_ultra_prime_sum/libA: not equiv,2.3903   ; not equiv,2.5075   ; not equiv,0.0000   ; unknown,0.0000  
./mergedHard/EQ_ltfiveEQ_LoopMult20/libA: not equiv,0.8808   ; not equiv,1.4600   ; not equiv,0.0000   ; unknown,0.0000  
./mergedHard/EQ_ltfiveEQ_UnchLoop/libA: not equiv,0.8034   ; not equiv,1.3581   ; not equiv,0.0000   ; unknown,0.0000  
./mergedHard/EQ_ltfiveEQ_odd/libA: not equiv,0.7322   ; not equiv,1.2884   ; not equiv,0.0000   ; unknown,0.0000  
./mergedHard/EQ_ltfiveEQ_pos/libA: not equiv,0.7655   ; not equiv,1.3312   ; not equiv,0.0000   ; unknown,0.0000  
./mergedHard/EQ_ltfiveEQ_pos2/libA: not equiv,0.7595   ; not equiv,1.3560   ; not equiv,0.0000   ; unknown,0.0000  
./mergedHard/EQ_ltfiveEXTRA_ultra_prime_sum/libA: not equiv,2.1392   ; not equiv,3.1430   ; not equiv,0.0000   ; unknown,0.0000  
./mergedHard/EQ_multipleBoundEQ_LoopMult20/libA: not equiv,0.7922   ; not equiv,1.3509   ; not equiv,0.0000   ; unknown,0.0000  
./mergedHard/EQ_multipleBoundEQ_UnchLoop/libA: not equiv,0.6985   ; not equiv,1.2337   ; not equiv,0.0000   ; unknown,0.0000  
./mergedHard/EQ_multipleBoundEQ_odd/libA: not equiv,0.9952   ; not equiv,1.5794   ; not equiv,0.0000   ; unknown,0.0000  
./mergedHard/EQ_multipleBoundEQ_pos/libA: not equiv,0.8908   ; not equiv,1.4375   ; not equiv,0.0000   ; unknown,0.0000  
./mergedHard/EQ_multipleBoundEQ_pos2/libA: not equiv,0.8923   ; not equiv,1.4667   ; not equiv,0.0000   ; unknown,0.0000  
./mergedHard/EQ_multipleBoundEXTRA_ultra_prime_sum/libA: equiv,43.4003  ; equiv,41.6698  ; equiv,40.4920  ; unknown,0.0000  
./mergedHard/EQ_multipleEQ_LoopMult20/libA: not equiv,0.7891   ; not equiv,1.3321   ; not equiv,0.0000   ; unknown,0.0000  
./mergedHard/EQ_multipleEQ_UnchLoop/libA: not equiv,0.6597   ; not equiv,1.2246   ; not equiv,0.0000   ; unknown,0.0000  
./mergedHard/EQ_multipleEQ_odd/libA: not equiv,1.0005   ; not equiv,1.5635   ; not equiv,0.0000   ; unknown,0.0000  
./mergedHard/EQ_multipleEQ_pos/libA: not equiv,0.8596   ; not equiv,1.4614   ; not equiv,0.0000   ; unknown,0.0000  
./mergedHard/EQ_multipleEQ_pos2/libA: not equiv,0.8524   ; not equiv,1.3940   ; not equiv,0.0000   ; unknown,0.0000  
./mergedHard/EQ_multipleEXTRA_ultra_prime_sum/libA: not equiv,1.1513   ; not equiv,1.7745   ; not equiv,0.0000   ; unknown,0.0000  
./mergedHard/EQ_oddEQ_Add/libA: equiv,11.6652  ; equiv,12.3498  ; equiv,11.8726  ; unknown,0.0000  
./mergedHard/EQ_oddEQ_Const/libA: equiv,11.6919  ; equiv,12.2902  ; equiv,11.8291  ; unknown,0.0000  
./mergedHard/EQ_oddEQ_LoopMult20/libA: not equiv,1.1264   ; not equiv,1.6351   ; not equiv,0.0000   ; unknown,0.0000  
./mergedHard/EQ_oddEQ_LoopUnreach20/libA: not equiv,1.0996   ; not equiv,1.5886   ; not equiv,0.0000   ; unknown,0.0000  
./mergedHard/EQ_oddEQ_UnchLoop/libA: equiv,11.6739  ; equiv,12.2780  ; equiv,11.8707  ; unknown,0.0000  
./mergedHard/EQ_oddEQ_divide/libA: not equiv,1.0829   ; not equiv,1.6223   ; not equiv,0.0000   ; unknown,0.0000  
./mergedHard/EQ_oddEQ_getSign2/libA: not equiv,1.3120   ; not equiv,1.9158   ; not equiv,0.0000   ; unknown,0.0000  
./mergedHard/EQ_oddEQ_is_prime1/libA: not equiv,1.0155   ; not equiv,1.5093   ; not equiv,0.0000   ; unknown,0.0000  
./mergedHard/EQ_oddEQ_is_prime2/libA: not equiv,0.9173   ; not equiv,1.5051   ; not equiv,0.0000   ; unknown,0.0000  
./mergedHard/EQ_oddEQ_is_prime3/libA: not equiv,18.9850  ; not equiv,7.1798   ; not equiv,0.0000   ; unknown,0.0000  
./mergedHard/EQ_oddEQ_ltfive/libA: not equiv,4.8664   ; not equiv,4.7612   ; not equiv,0.0000   ; unknown,0.0000  
./mergedHard/EQ_oddEQ_ltfiveBound/libA: not equiv,3.0248   ; not equiv,3.5678   ; not equiv,0.0000   ; unknown,0.0000  
./mergedHard/EQ_oddEQ_multiple/libA: equiv,12.9844  ; equiv,13.5454  ; equiv,13.0409  ; unknown,0.0000  
./mergedHard/EQ_oddEQ_multipleBound/libA: equiv,13.5155  ; equiv,14.0569  ; equiv,13.5453  ; unknown,0.0000  
./mergedHard/EQ_oddEQ_odd/libA: equiv,12.8976  ; timeout,300.0000 ; timeout,300.0000 ; unknown,0.0000  
./mergedHard/EQ_oddEQ_one/libA: not equiv,1.9679   ; not equiv,2.4517   ; not equiv,0.0000   ; unknown,0.0000  
./mergedHard/EQ_oddEQ_oneBound/libA: not equiv,1.7686   ; not equiv,2.3314   ; not equiv,0.0000   ; unknown,0.0000  
./mergedHard/EQ_oddEQ_oneN2/libA: not equiv,1.9323   ; not equiv,2.4556   ; not equiv,0.0000   ; unknown,0.0000  
./mergedHard/EQ_oddEQ_pos/libA: not equiv,1.3700   ; not equiv,1.9320   ; not equiv,0.0000   ; unknown,0.0000  
./mergedHard/EQ_oddEQ_pos2/libA: not equiv,1.3647   ; not equiv,1.9435   ; not equiv,0.0000   ; unknown,0.0000  
./mergedHard/EQ_oddEQ_pos3/libA: not equiv,1.3561   ; not equiv,1.9163   ; not equiv,0.0000   ; unknown,0.0000  
./mergedHard/EQ_oddEXTRA_ultra_prime_sum/libA: timeout,300.0000 ; timeout,300.0000 ; timeout,300.0000 ; unknown,0.0000  
./mergedHard/EQ_oddNEQ_LoopMult20/libA: not equiv,1.1467   ; not equiv,1.7100   ; not equiv,0.0000   ; unknown,0.0000  
./mergedHard/EQ_oddNEQ_LoopUnreach20/libA: not equiv,1.0937   ; not equiv,1.7228   ; not equiv,0.0000   ; unknown,0.0000  
./mergedHard/EQ_oddNEQ_getSign/libA: not equiv,1.0197   ; not equiv,1.5611   ; not equiv,0.0000   ; unknown,0.0000  
./mergedHard/EQ_oneBoundEQ_LoopMult20/libA: equiv,0.4728   ; equiv,0.7545   ; equiv,0.3264   ; unknown,0.0000  
./mergedHard/EQ_oneBoundEQ_UnchLoop/libA: not equiv,0.5546   ; not equiv,1.1124   ; not equiv,0.0000   ; unknown,0.0000  
./mergedHard/EQ_oneBoundEQ_odd/libA: not equiv,0.6983   ; not equiv,1.2574   ; not equiv,0.0000   ; unknown,0.0000  
./mergedHard/EQ_oneBoundEQ_pos/libA: not equiv,0.7064   ; not equiv,1.2697   ; not equiv,0.0000   ; unknown,0.0000  
./mergedHard/EQ_oneBoundEQ_pos2/libA: not equiv,0.7041   ; not equiv,1.2644   ; not equiv,0.0000   ; unknown,0.0000  
./mergedHard/EQ_oneBoundEXTRA_ultra_prime_sum/libA: not equiv,2.3513   ; not equiv,3.5858   ; not equiv,0.0000   ; unknown,0.0000  
./mergedHard/EQ_oneEQ_LoopMult20/libA: not equiv,0.6395   ; not equiv,1.1759   ; not equiv,0.0000   ; unknown,0.0000  
./mergedHard/EQ_oneEQ_UnchLoop/libA: not equiv,0.5667   ; not equiv,1.1073   ; not equiv,0.0000   ; unknown,0.0000  
./mergedHard/EQ_oneEQ_odd/libA: not equiv,0.6363   ; not equiv,1.2895   ; not equiv,0.0000   ; unknown,0.0000  
./mergedHard/EQ_oneEQ_pos/libA: not equiv,0.6834   ; not equiv,1.2564   ; not equiv,0.0000   ; unknown,0.0000  
./mergedHard/EQ_oneEQ_pos2/libA: not equiv,0.6927   ; not equiv,1.2543   ; not equiv,0.0000   ; unknown,0.0000  
./mergedHard/EQ_oneEXTRA_ultra_prime_sum/libA: not equiv,2.0531   ; not equiv,3.7921   ; not equiv,0.0000   ; unknown,0.0000  
./mergedHard/EQ_oneN2EQ_LoopMult20/libA: not equiv,0.6663   ; not equiv,1.2065   ; not equiv,0.0000   ; unknown,0.0000  
./mergedHard/EQ_oneN2EQ_UnchLoop/libA: not equiv,0.5514   ; not equiv,1.1306   ; not equiv,0.0000   ; unknown,0.0000  
./mergedHard/EQ_oneN2EQ_odd/libA: not equiv,0.7079   ; not equiv,1.2832   ; not equiv,0.0000   ; unknown,0.0000  
./mergedHard/EQ_oneN2EQ_pos/libA: not equiv,0.7227   ; not equiv,1.2615   ; not equiv,0.0000   ; unknown,0.0000  
./mergedHard/EQ_oneN2EQ_pos2/libA: not equiv,0.7317   ; not equiv,1.2412   ; not equiv,0.0000   ; unknown,0.0000  
./mergedHard/EQ_oneN2EXTRA_ultra_prime_sum/libA: not equiv,1.2114   ; not equiv,2.1628   ; not equiv,0.0000   ; unknown,0.0000  
./mergedHard/EQ_pos2EQ_Add/libA: equiv,0.2357   ; equiv,0.3701   ; equiv,0.1538   ; unknown,0.0000  
./mergedHard/EQ_pos2EQ_Const/libA: equiv,0.2360   ; equiv,0.3589   ; equiv,0.1467   ; unknown,0.0000  
./mergedHard/EQ_pos2EQ_LoopMult20/libA: equiv,0.2650   ; equiv,0.4186   ; equiv,0.1441   ; unknown,0.0000  
./mergedHard/EQ_pos2EQ_LoopUnreach20/libA: equiv,0.2652   ; equiv,0.3974   ; equiv,0.1538   ; unknown,0.0000  
./mergedHard/EQ_pos2EQ_UnchLoop/libA: equiv,0.2374   ; equiv,0.3955   ; equiv,0.1490   ; unknown,0.0000  
./mergedHard/EQ_pos2EQ_divide/libA: equiv,0.2741   ; equiv,0.4303   ; equiv,0.1386   ; unknown,0.0000  
./mergedHard/EQ_pos2EQ_getSign2/libA: equiv,0.2609   ; equiv,0.4300   ; equiv,0.1439   ; unknown,0.0000  
./mergedHard/EQ_pos2EQ_is_prime1/libA: equiv,0.2467   ; equiv,0.3993   ; equiv,0.1588   ; unknown,0.0000  
./mergedHard/EQ_pos2EQ_is_prime2/libA: equiv,0.2914   ; equiv,0.4365   ; equiv,0.1349   ; unknown,0.0000  
./mergedHard/EQ_pos2EQ_is_prime3/libA: equiv,11.8323  ; equiv,12.3004  ; equiv,11.7543  ; unknown,0.0000  
./mergedHard/EQ_pos2EQ_ltfive/libA: equiv,0.3220   ; equiv,0.4663   ; equiv,0.1381   ; unknown,0.0000  
./mergedHard/EQ_pos2EQ_ltfiveBound/libA: equiv,0.3514   ; equiv,0.4726   ; equiv,0.1388   ; unknown,0.0000  
./mergedHard/EQ_pos2EQ_multiple/libA: equiv,0.2807   ; equiv,0.4266   ; equiv,0.1533   ; unknown,0.0000  
./mergedHard/EQ_pos2EQ_multipleBound/libA: equiv,0.3036   ; equiv,0.4524   ; equiv,0.1435   ; unknown,0.0000  
./mergedHard/EQ_pos2EQ_odd/libA: equiv,0.2670   ; equiv,0.4200   ; equiv,0.1588   ; unknown,0.0000  
./mergedHard/EQ_pos2EQ_one/libA: equiv,0.2895   ; equiv,0.4417   ; equiv,0.1484   ; unknown,0.0000  
./mergedHard/EQ_pos2EQ_oneBound/libA: equiv,0.3158   ; equiv,0.4938   ; equiv,0.1591   ; unknown,0.0000  
./mergedHard/EQ_pos2EQ_oneN2/libA: equiv,0.2880   ; equiv,0.4362   ; equiv,0.1488   ; unknown,0.0000  
./mergedHard/EQ_pos2EQ_pos/libA: equiv,0.2968   ; equiv,0.4552   ; equiv,0.1542   ; unknown,0.0000  
./mergedHard/EQ_pos2EQ_pos2/libA: equiv,0.2954   ; equiv,0.4547   ; equiv,0.1537   ; unknown,0.0000  
./mergedHard/EQ_pos2EQ_pos3/libA: equiv,0.2622   ; equiv,0.4096   ; equiv,0.1531   ; unknown,0.0000  
./mergedHard/EQ_pos2EXTRA_ultra_prime_sum/libA: equiv,22.7184  ; equiv,12.2711  ; equiv,23.2652  ; unknown,0.0000  
./mergedHard/EQ_pos2NEQ_LoopMult20/libA: equiv,0.2631   ; equiv,0.4160   ; equiv,0.1486   ; unknown,0.0000  
./mergedHard/EQ_pos2NEQ_LoopUnreach20/libA: equiv,0.2654   ; equiv,0.3977   ; equiv,0.1538   ; unknown,0.0000  
./mergedHard/EQ_pos2NEQ_getSign/libA: equiv,0.2417   ; equiv,0.3894   ; equiv,0.1486   ; unknown,0.0000  
./mergedHard/EQ_pos3EQ_LoopMult20/libA: equiv,0.2254   ; equiv,0.3630   ; equiv,0.1340   ; unknown,0.0000  
./mergedHard/EQ_pos3EQ_UnchLoop/libA: equiv,0.2040   ; equiv,0.3521   ; equiv,0.1543   ; unknown,0.0000  
./mergedHard/EQ_pos3EQ_odd/libA: equiv,0.2263   ; equiv,0.3675   ; equiv,0.1449   ; unknown,0.0000  
./mergedHard/EQ_pos3EQ_pos/libA: equiv,0.2572   ; equiv,0.4013   ; equiv,0.1493   ; unknown,0.0000  
./mergedHard/EQ_pos3EQ_pos2/libA: equiv,0.2562   ; equiv,0.4023   ; equiv,0.1487   ; unknown,0.0000  
./mergedHard/EQ_pos3EXTRA_ultra_prime_sum/libA: equiv,24.0712  ; equiv,14.6457  ; equiv,23.5636  ; unknown,0.0000  
./mergedHard/EQ_posEQ_Add/libA: not equiv,0.6303   ; not equiv,1.1421   ; not equiv,0.0000   ; unknown,0.0000  
./mergedHard/EQ_posEQ_Const/libA: not equiv,0.6127   ; not equiv,1.1846   ; not equiv,0.0000   ; unknown,0.0000  
./mergedHard/EQ_posEQ_LoopMult20/libA: not equiv,0.7403   ; not equiv,1.2903   ; not equiv,0.0000   ; unknown,0.0000  
./mergedHard/EQ_posEQ_LoopUnreach20/libA: not equiv,0.7377   ; not equiv,1.3214   ; not equiv,0.0000   ; unknown,0.0000  
./mergedHard/EQ_posEQ_UnchLoop/libA: not equiv,0.6117   ; not equiv,1.1801   ; not equiv,0.0000   ; unknown,0.0000  
./mergedHard/EQ_posEQ_divide/libA: not equiv,0.8240   ; not equiv,1.3491   ; not equiv,0.0000   ; unknown,0.0000  
./mergedHard/EQ_posEQ_getSign2/libA: not equiv,0.7173   ; not equiv,1.2985   ; not equiv,0.0000   ; unknown,0.0000  
./mergedHard/EQ_posEQ_is_prime1/libA: not equiv,0.6926   ; not equiv,1.2088   ; not equiv,0.0000   ; unknown,0.0000  
./mergedHard/EQ_posEQ_is_prime2/libA: not equiv,0.7399   ; not equiv,1.2950   ; not equiv,0.0000   ; unknown,0.0000  
./mergedHard/EQ_posEQ_is_prime3/libA: not equiv,23.2206  ; not equiv,13.9371  ; not equiv,0.0000   ; unknown,0.0000  
./mergedHard/EQ_posEQ_ltfive/libA: not equiv,0.9555   ; not equiv,1.5386   ; not equiv,0.0000   ; unknown,0.0000  
./mergedHard/EQ_posEQ_ltfiveBound/libA: not equiv,0.9431   ; not equiv,1.5641   ; not equiv,0.0000   ; unknown,0.0000  
./mergedHard/EQ_posEQ_multiple/libA: not equiv,0.8320   ; not equiv,1.4027   ; not equiv,0.0000   ; unknown,0.0000  
./mergedHard/EQ_posEQ_multipleBound/libA: not equiv,0.9849   ; not equiv,1.5283   ; not equiv,0.0000   ; unknown,0.0000  
./mergedHard/EQ_posEQ_odd/libA: not equiv,0.7758   ; not equiv,1.3519   ; not equiv,0.0000   ; unknown,0.0000  
./mergedHard/EQ_posEQ_one/libA: equiv,14.3140  ; equiv,15.0746  ; equiv,14.5094  ; unknown,0.0000  
./mergedHard/EQ_posEQ_oneBound/libA: equiv,14.4412  ; equiv,15.1231  ; equiv,14.5241  ; unknown,0.0000  
./mergedHard/EQ_posEQ_oneN2/libA: equiv,14.3254  ; equiv,15.0845  ; equiv,14.5202  ; unknown,0.0000  
./mergedHard/EQ_posEQ_pos/libA: equiv,13.7438  ; equiv,14.4522  ; equiv,13.8870  ; unknown,0.0000  
./mergedHard/EQ_posEQ_pos2/libA: equiv,13.7715  ; equiv,14.4568  ; equiv,13.8851  ; unknown,0.0000  
./mergedHard/EQ_posEQ_pos3/libA: equiv,12.4037  ; equiv,13.0489  ; equiv,12.5455  ; unknown,0.0000  
./mergedHard/EQ_posEXTRA_ultra_prime_sum/libA: equiv,73.2851  ; equiv,64.8648  ; equiv,74.0207  ; unknown,0.0000  
./mergedHard/EQ_posNEQ_LoopMult20/libA: not equiv,0.7782   ; not equiv,1.3069   ; not equiv,0.0000   ; unknown,0.0000  
./mergedHard/EQ_posNEQ_LoopUnreach20/libA: not equiv,0.7381   ; not equiv,1.2948   ; not equiv,0.0000   ; unknown,0.0000  
./mergedHard/EQ_posNEQ_getSign/libA: not equiv,0.6931   ; not equiv,1.2531   ; not equiv,0.0000   ; unknown,0.0000  
./mergedHard/EXTRA_ultra_prime_sumEQ_Add/libA: not equiv,50.9507  ; not equiv,4.1337   ; not equiv,0.0000   ; unknown,0.0000  
./mergedHard/EXTRA_ultra_prime_sumEQ_Const/libA: not equiv,53.8585  ; not equiv,4.9929   ; not equiv,0.0000   ; unknown,0.0000  
./mergedHard/EXTRA_ultra_prime_sumEQ_LoopMult20/libA: timeout,300.0000 ; not equiv,273.2058 ; not equiv,0.0000   ; unknown,0.0000  
./mergedHard/EXTRA_ultra_prime_sumEQ_LoopUnreach20/libA: not equiv,298.9759 ; not equiv,268.2964 ; not equiv,0.0000   ; unknown,0.0000  
./mergedHard/EXTRA_ultra_prime_sumEQ_UnchLoop/libA: not equiv,51.1759  ; not equiv,4.1800   ; not equiv,0.0000   ; unknown,0.0000  
./mergedHard/EXTRA_ultra_prime_sumEQ_divide/libA: not equiv,200.8856 ; not equiv,159.9827 ; not equiv,0.0000   ; unknown,0.0000  
./mergedHard/EXTRA_ultra_prime_sumEQ_getSign2/libA: not equiv,214.8327 ; not equiv,178.0610 ; not equiv,0.0000   ; unknown,0.0000  
./mergedHard/EXTRA_ultra_prime_sumEQ_is_prime1/libA: not equiv,183.5025 ; not equiv,131.5441 ; not equiv,0.0000   ; unknown,0.0000  
./mergedHard/EXTRA_ultra_prime_sumEQ_is_prime2/libA: not equiv,106.5804 ; not equiv,59.7967  ; not equiv,0.0000   ; unknown,0.0000  
./mergedHard/EXTRA_ultra_prime_sumEQ_is_prime3/libA: not equiv,154.3993 ; not equiv,111.6995 ; not equiv,0.0000   ; unknown,0.0000  
./mergedHard/EXTRA_ultra_prime_sumEQ_ltfive/libA: not equiv,209.7882 ; not equiv,126.0074 ; not equiv,0.0000   ; unknown,0.0000  
./mergedHard/EXTRA_ultra_prime_sumEQ_ltfiveBound/libA: timeout,300.0000 ; not equiv,249.1561 ; not equiv,0.0000   ; unknown,0.0000  
./mergedHard/EXTRA_ultra_prime_sumEQ_multiple/libA: timeout,300.0000 ; timeout,300.0000 ; timeout,300.0000 ; unknown,0.0000  
./mergedHard/EXTRA_ultra_prime_sumEQ_multipleBound/libA: timeout,300.0000 ; timeout,300.0000 ; timeout,300.0000 ; unknown,0.0000  
./mergedHard/EXTRA_ultra_prime_sumEQ_odd/libA: timeout,300.0000 ; timeout,300.0000 ; timeout,300.0000 ; unknown,0.0000  
./mergedHard/EXTRA_ultra_prime_sumEQ_one/libA: timeout,300.0000 ; timeout,300.0000 ; timeout,300.0000 ; unknown,0.0000  
./mergedHard/EXTRA_ultra_prime_sumEQ_oneBound/libA: timeout,300.0000 ; timeout,300.0000 ; timeout,300.0000 ; unknown,0.0000  
./mergedHard/EXTRA_ultra_prime_sumEQ_oneN2/libA: timeout,300.0000 ; timeout,300.0000 ; timeout,300.0000 ; unknown,0.0000  
./mergedHard/EXTRA_ultra_prime_sumEQ_pos/libA: timeout,300.0000 ; timeout,300.0000 ; timeout,300.0000 ; unknown,0.0000  
./mergedHard/EXTRA_ultra_prime_sumEQ_pos2/libA: timeout,300.0000 ; timeout,300.0000 ; timeout,300.0000 ; unknown,0.0000  
./mergedHard/EXTRA_ultra_prime_sumEQ_pos3/libA: timeout,300.0000 ; timeout,300.0000 ; timeout,300.0000 ; unknown,0.0000  
./mergedHard/EXTRA_ultra_prime_sumEXTRA_ultra_prime_sum/libA: timeout,300.0000 ; timeout,300.0000 ; timeout,300.0000 ; unknown,0.0000  
./mergedHard/EXTRA_ultra_prime_sumNEQ_LoopMult20/libA: not equiv,295.8776 ; timeout,300.0000 ; timeout,300.0000 ; unknown,0.0000  
./mergedHard/EXTRA_ultra_prime_sumNEQ_LoopUnreach20/libA: timeout,300.0000 ; timeout,300.0000 ; timeout,300.0000 ; unknown,0.0000  
./mergedHard/EXTRA_ultra_prime_sumNEQ_getSign/libA: not equiv,172.5888 ; not equiv,130.9454 ; not equiv,0.0000   ; unknown,0.0000  
./mergedHard/NEQ_LoopMult20EQ_LoopMult20/libA: not equiv,1.1009   ; not equiv,1.7068   ; not equiv,0.0000   ; unknown,0.0000  
./mergedHard/NEQ_LoopMult20EQ_UnchLoop/libA: not equiv,0.7539   ; not equiv,1.2904   ; not equiv,0.0000   ; unknown,0.0000  
./mergedHard/NEQ_LoopMult20EQ_odd/libA: not equiv,1.3491   ; not equiv,1.9684   ; not equiv,0.0000   ; unknown,0.0000  
./mergedHard/NEQ_LoopMult20EQ_pos/libA: not equiv,1.0364   ; not equiv,1.6642   ; not equiv,0.0000   ; unknown,0.0000  
./mergedHard/NEQ_LoopMult20EQ_pos2/libA: not equiv,1.0377   ; not equiv,1.6369   ; not equiv,0.0000   ; unknown,0.0000  
./mergedHard/NEQ_LoopMult20EXTRA_ultra_prime_sum/libA: not equiv,3.0774   ; not equiv,4.7723   ; not equiv,0.0000   ; unknown,0.0000  
./mergedHard/NEQ_LoopUnreach20EQ_LoopMult20/libA: not equiv,0.6587   ; not equiv,1.2240   ; not equiv,0.0000   ; unknown,0.0000  
./mergedHard/NEQ_LoopUnreach20EQ_UnchLoop/libA: not equiv,0.5550   ; not equiv,1.2098   ; not equiv,0.0000   ; unknown,0.0000  
./mergedHard/NEQ_LoopUnreach20EQ_odd/libA: not equiv,0.6082   ; not equiv,1.2299   ; not equiv,0.0000   ; unknown,0.0000  
./mergedHard/NEQ_LoopUnreach20EQ_pos/libA: not equiv,0.6831   ; not equiv,1.1798   ; not equiv,0.0000   ; unknown,0.0000  
./mergedHard/NEQ_LoopUnreach20EQ_pos2/libA: not equiv,0.6495   ; not equiv,1.1681   ; not equiv,0.0000   ; unknown,0.0000  
./mergedHard/NEQ_LoopUnreach20EXTRA_ultra_prime_sum/libA: not equiv,0.8676   ; not equiv,1.5994   ; not equiv,0.0000   ; unknown,0.0000  
./mergedHard/NEQ_getSignEQ_LoopMult20/libA: not equiv,0.5806   ; not equiv,1.0402   ; not equiv,0.0000   ; unknown,0.0000  
./mergedHard/NEQ_getSignEQ_UnchLoop/libA: not equiv,0.4656   ; not equiv,0.9583   ; not equiv,0.0000   ; unknown,0.0000  
./mergedHard/NEQ_getSignEQ_odd/libA: not equiv,0.5724   ; not equiv,1.1411   ; not equiv,0.0000   ; unknown,0.0000  
./mergedHard/NEQ_getSignEQ_pos/libA: not equiv,0.6514   ; not equiv,1.1968   ; not equiv,0.0000   ; unknown,0.0000  
./mergedHard/NEQ_getSignEQ_pos2/libA: not equiv,0.6476   ; not equiv,1.2196   ; not equiv,0.0000   ; unknown,0.0000  
./mergedHard/NEQ_getSignEXTRA_ultra_prime_sum/libA: not equiv,2.0111   ; not equiv,2.0912   ; not equiv,0.0000   ; unknown,0.0000  
