./mergedHard/EQ_AddEQ_UnchLoop/libA: equiv,0.1573   ; unknown,0.0000   ; equiv,0.0811  
./mergedHard/EQ_AddEQ_UnchLoop/libB: equiv,40.2295  ; unknown,0.0000   ; equiv,0.1002  
./mergedHard/EQ_AddEQ_is_prime2/libA: equiv,0.2067   ; unknown,0.0000   ; equiv,0.1088  
./mergedHard/EQ_AddEQ_is_prime2/libB: not equiv,0.9977   ; unknown,0.0000   ; not equiv,0.6194  
./mergedHard/EQ_AddEQ_odd/libA: equiv,0.1780   ; unknown,0.0000   ; equiv,0.1076  
./mergedHard/EQ_AddEQ_odd/libB: equiv,11.6643  ; unknown,0.0000   ; timeout,300.0000
./mergedHard/EQ_AddEQ_pos/libA: equiv,0.2223   ; unknown,0.0000   ; equiv,0.1055  
./mergedHard/EQ_AddEQ_pos/libB: not equiv,0.4978   ; unknown,0.0000   ; not equiv,0.1908  
./mergedHard/EQ_AddEQ_pos2/libA: equiv,0.2048   ; unknown,0.0000   ; equiv,0.1052  
./mergedHard/EQ_AddEQ_pos2/libB: equiv,12.9190  ; unknown,0.0000   ; timeout,300.0000
./mergedHard/EQ_AddEXTRA_ultra_prime_sum/libA: equiv,0.4424   ; unknown,0.0000   ; timeout,300.0000
./mergedHard/EQ_AddEXTRA_ultra_prime_sum/libB: not equiv,44.3611  ; unknown,0.0000   ; not equiv,0.1424  
./mergedHard/EQ_ConstEQ_UnchLoop/libA: equiv,0.1315   ; unknown,0.0000   ; equiv,0.0788  
./mergedHard/EQ_ConstEQ_UnchLoop/libB: equiv,40.2381  ; unknown,0.0000   ; equiv,0.0982  
./mergedHard/EQ_ConstEQ_is_prime2/libA: equiv,0.2082   ; unknown,0.0000   ; equiv,0.1083  
./mergedHard/EQ_ConstEQ_is_prime2/libB: not equiv,0.9882   ; unknown,0.0000   ; not equiv,0.6140  
./mergedHard/EQ_ConstEQ_odd/libA: equiv,0.1802   ; unknown,0.0000   ; equiv,0.1086  
./mergedHard/EQ_ConstEQ_odd/libB: equiv,11.6433  ; unknown,0.0000   ; timeout,300.0000
./mergedHard/EQ_ConstEQ_pos/libA: equiv,0.2273   ; unknown,0.0000   ; equiv,0.1060  
./mergedHard/EQ_ConstEQ_pos/libB: not equiv,0.4961   ; unknown,0.0000   ; not equiv,0.1889  
./mergedHard/EQ_ConstEQ_pos2/libA: equiv,0.2072   ; unknown,0.0000   ; equiv,0.1061  
./mergedHard/EQ_ConstEQ_pos2/libB: equiv,12.8896  ; unknown,0.0000   ; timeout,300.0000
./mergedHard/EQ_ConstEXTRA_ultra_prime_sum/libA: equiv,0.4420   ; unknown,0.0000   ; timeout,300.0000
./mergedHard/EQ_ConstEXTRA_ultra_prime_sum/libB: not equiv,44.3707  ; unknown,0.0000   ; not equiv,0.1453  
./mergedHard/EQ_LoopMult20EQ_UnchLoop/libA: equiv,0.4845   ; unknown,0.0000   ; equiv,0.3906  
./mergedHard/EQ_LoopMult20EQ_UnchLoop/libB: equiv,0.4128   ; unknown,0.0000   ; equiv,0.3376  
./mergedHard/EQ_LoopMult20EQ_is_prime2/libA: equiv,22.6102  ; unknown,0.0000   ; not equiv,0.1789  
./mergedHard/EQ_LoopMult20EQ_is_prime2/libB: not equiv,1.6720   ; unknown,0.0000   ; not equiv,0.9107  
./mergedHard/EQ_LoopMult20EQ_odd/libA: timeout,300.0000 ; unknown,0.0000   ; timeout,300.0000
./mergedHard/EQ_LoopMult20EQ_odd/libB: not equiv,4.2301   ; unknown,0.0000   ; not equiv,3.6917  
./mergedHard/EQ_LoopMult20EQ_pos/libA: equiv,0.5512   ; unknown,0.0000   ; equiv,0.4023  
./mergedHard/EQ_LoopMult20EQ_pos/libB: not equiv,0.7358   ; unknown,0.0000   ; not equiv,0.3469  
./mergedHard/EQ_LoopMult20EQ_pos2/libA: equiv,0.5332   ; unknown,0.0000   ; equiv,0.4021  
./mergedHard/EQ_LoopMult20EQ_pos2/libB: equiv,17.8065  ; unknown,0.0000   ; timeout,300.0000
./mergedHard/EQ_LoopMult20EXTRA_ultra_prime_sum/libA: timeout,300.0000 ; unknown,0.0000   ; timeout,300.0000
./mergedHard/EQ_LoopMult20EXTRA_ultra_prime_sum/libB: not equiv,17.1832  ; unknown,0.0000   ; not equiv,3.6380  
./mergedHard/EQ_LoopUnreach20EQ_UnchLoop/libA: equiv,0.2270   ; unknown,0.0000   ; equiv,0.1265  
./mergedHard/EQ_LoopUnreach20EQ_UnchLoop/libB: equiv,0.4125   ; unknown,0.0000   ; equiv,0.3362  
./mergedHard/EQ_LoopUnreach20EQ_is_prime2/libA: equiv,0.2783   ; unknown,0.0000   ; not equiv,0.1652  
./mergedHard/EQ_LoopUnreach20EQ_is_prime2/libB: not equiv,1.6445   ; unknown,0.0000   ; not equiv,0.9112  
./mergedHard/EQ_LoopUnreach20EQ_odd/libA: equiv,0.2696   ; unknown,0.0000   ; equiv,0.1506  
./mergedHard/EQ_LoopUnreach20EQ_odd/libB: not equiv,3.6553   ; unknown,0.0000   ; not equiv,3.7354  
./mergedHard/EQ_LoopUnreach20EQ_pos/libA: equiv,0.3366   ; unknown,0.0000   ; equiv,0.1794  
./mergedHard/EQ_LoopUnreach20EQ_pos/libB: not equiv,0.7244   ; unknown,0.0000   ; not equiv,0.3470  
./mergedHard/EQ_LoopUnreach20EQ_pos2/libA: equiv,0.3105   ; unknown,0.0000   ; equiv,0.1801  
./mergedHard/EQ_LoopUnreach20EQ_pos2/libB: equiv,17.7886  ; unknown,0.0000   ; timeout,300.0000
./mergedHard/EQ_LoopUnreach20EXTRA_ultra_prime_sum/libA: equiv,2.8683   ; unknown,0.0000   ; timeout,300.0000
./mergedHard/EQ_LoopUnreach20EXTRA_ultra_prime_sum/libB: not equiv,17.2565  ; unknown,0.0000   ; not equiv,3.6175  
./mergedHard/EQ_UnchLoopEQ_Add/libA: equiv,40.2527  ; unknown,0.0000   ; equiv,0.0983  
./mergedHard/EQ_UnchLoopEQ_Add/libB: equiv,0.1310   ; unknown,0.0000   ; equiv,0.0805  
./mergedHard/EQ_UnchLoopEQ_Const/libA: equiv,40.2457  ; unknown,0.0000   ; equiv,0.1038  
./mergedHard/EQ_UnchLoopEQ_Const/libB: equiv,0.1440   ; unknown,0.0000   ; equiv,0.0933  
./mergedHard/EQ_UnchLoopEQ_LoopMult20/libA: equiv,0.4776   ; unknown,0.0000   ; equiv,0.3966  
./mergedHard/EQ_UnchLoopEQ_LoopMult20/libB: equiv,0.5707   ; unknown,0.0000   ; equiv,0.4846  
./mergedHard/EQ_UnchLoopEQ_LoopUnreach20/libA: equiv,0.5101   ; unknown,0.0000   ; equiv,0.4081  
./mergedHard/EQ_UnchLoopEQ_LoopUnreach20/libB: equiv,0.2338   ; unknown,0.0000   ; equiv,0.1488  
./mergedHard/EQ_UnchLoopEQ_UnchLoop/libA: equiv,40.2785  ; unknown,0.0000   ; equiv,0.1526  
./mergedHard/EQ_UnchLoopEQ_UnchLoop/libB: equiv,40.5638  ; unknown,0.0000   ; equiv,0.2537  
./mergedHard/EQ_UnchLoopEQ_divide/libA: equiv,42.7374  ; unknown,0.0000   ; timeout,300.0000
./mergedHard/EQ_UnchLoopEQ_divide/libB: equiv,0.2108   ; unknown,0.0000   ; equiv,0.1057  
./mergedHard/EQ_UnchLoopEQ_getSign2/libA: timeout,300.0000 ; unknown,0.0000   ; timeout,300.0000
./mergedHard/EQ_UnchLoopEQ_getSign2/libB: equiv,0.2157   ; unknown,0.0000   ; equiv,0.1321  
./mergedHard/EQ_UnchLoopEQ_is_prime1/libA: equiv,40.2555  ; unknown,0.0000   ; timeout,300.0000
./mergedHard/EQ_UnchLoopEQ_is_prime1/libB: not equiv,2.4119   ; unknown,0.0000   ; not equiv,0.1037  
./mergedHard/EQ_UnchLoopEQ_is_prime2/libA: timeout,300.0000 ; unknown,0.0000   ; timeout,300.0000
./mergedHard/EQ_UnchLoopEQ_is_prime2/libB: not equiv,0.9593   ; unknown,0.0000   ; not equiv,0.5875  
./mergedHard/EQ_UnchLoopEQ_is_prime3/libA: timeout,300.0000 ; unknown,0.0000   ; timeout,300.0000
./mergedHard/EQ_UnchLoopEQ_is_prime3/libB: not equiv,2.3952   ; unknown,0.0000   ; not equiv,0.1921  
./mergedHard/EQ_UnchLoopEQ_ltfive/libA: timeout,300.0000 ; unknown,0.0000   ; timeout,300.0000
./mergedHard/EQ_UnchLoopEQ_ltfive/libB: not equiv,0.5744   ; unknown,0.0000   ; not equiv,0.1800  
./mergedHard/EQ_UnchLoopEQ_ltfiveBound/libA: timeout,300.0000 ; unknown,0.0000   ; equiv,24.3789 
./mergedHard/EQ_UnchLoopEQ_ltfiveBound/libB: equiv,0.3365   ; unknown,0.0000   ; equiv,0.1739  
./mergedHard/EQ_UnchLoopEQ_multiple/libA: timeout,300.0000 ; unknown,0.0000   ; timeout,300.0000
./mergedHard/EQ_UnchLoopEQ_multiple/libB: not equiv,0.6150   ; unknown,0.0000   ; not equiv,0.2211  
./mergedHard/EQ_UnchLoopEQ_multipleBound/libA: timeout,300.0000 ; unknown,0.0000   ; timeout,300.0000
./mergedHard/EQ_UnchLoopEQ_multipleBound/libB: not equiv,0.6115   ; unknown,0.0000   ; not equiv,0.2219  
./mergedHard/EQ_UnchLoopEQ_odd/libA: timeout,300.0000 ; unknown,0.0000   ; timeout,300.0000
./mergedHard/EQ_UnchLoopEQ_odd/libB: equiv,11.5532  ; unknown,0.0000   ; timeout,300.0000
./mergedHard/EQ_UnchLoopEQ_one/libA: timeout,300.0000 ; unknown,0.0000   ; timeout,300.0000
./mergedHard/EQ_UnchLoopEQ_one/libB: not equiv,0.4811   ; unknown,0.0000   ; not equiv,0.1604  
./mergedHard/EQ_UnchLoopEQ_oneBound/libA: equiv,3.6629   ; unknown,0.0000   ; equiv,3.5242  
./mergedHard/EQ_UnchLoopEQ_oneBound/libB: not equiv,0.4726   ; unknown,0.0000   ; not equiv,0.1498  
./mergedHard/EQ_UnchLoopEQ_oneN2/libA: timeout,300.0000 ; unknown,0.0000   ; timeout,300.0000
./mergedHard/EQ_UnchLoopEQ_oneN2/libB: not equiv,0.4796   ; unknown,0.0000   ; not equiv,0.1606  
./mergedHard/EQ_UnchLoopEQ_pos/libA: equiv,0.2253   ; unknown,0.0000   ; equiv,0.1173  
./mergedHard/EQ_UnchLoopEQ_pos/libB: not equiv,0.4986   ; unknown,0.0000   ; not equiv,0.1910  
./mergedHard/EQ_UnchLoopEQ_pos2/libA: equiv,0.2256   ; unknown,0.0000   ; equiv,0.1174  
./mergedHard/EQ_UnchLoopEQ_pos2/libB: equiv,12.8942  ; unknown,0.0000   ; timeout,300.0000
./mergedHard/EQ_UnchLoopEXTRA_ultra_prime_sum/libA: equiv,120.8549 ; unknown,0.0000   ; timeout,300.0000
./mergedHard/EQ_UnchLoopEXTRA_ultra_prime_sum/libB: not equiv,44.5341  ; unknown,0.0000   ; not equiv,0.1498  
./mergedHard/EQ_UnchLoopNEQ_LoopMult20/libA: equiv,0.4126   ; unknown,0.0000   ; equiv,0.3365  
./mergedHard/EQ_UnchLoopNEQ_LoopMult20/libB: not equiv,0.6228   ; unknown,0.0000   ; not equiv,0.1360  
./mergedHard/EQ_UnchLoopNEQ_LoopUnreach20/libA: equiv,0.4148   ; unknown,0.0000   ; equiv,0.3405  
./mergedHard/EQ_UnchLoopNEQ_LoopUnreach20/libB: not equiv,0.4079   ; unknown,0.0000   ; not equiv,0.1318  
./mergedHard/EQ_UnchLoopNEQ_getSign/libA: equiv,40.2587  ; unknown,0.0000   ; timeout,300.0000
./mergedHard/EQ_UnchLoopNEQ_getSign/libB: not equiv,0.3654   ; unknown,0.0000   ; not equiv,0.1377  
./mergedHard/EQ_divideEQ_UnchLoop/libA: equiv,0.1819   ; unknown,0.0000   ; equiv,0.1071  
./mergedHard/EQ_divideEQ_UnchLoop/libB: equiv,41.5438  ; unknown,0.0000   ; timeout,300.0000
./mergedHard/EQ_divideEQ_is_prime2/libA: equiv,0.2677   ; unknown,0.0000   ; equiv,0.1208  
./mergedHard/EQ_divideEQ_is_prime2/libB: not equiv,1.6423   ; unknown,0.0000   ; not equiv,1.2238  
./mergedHard/EQ_divideEQ_odd/libA: equiv,0.2822   ; unknown,0.0000   ; equiv,0.1510  
./mergedHard/EQ_divideEQ_odd/libB: not equiv,1.8322   ; unknown,0.0000   ; not equiv,1.7132  
./mergedHard/EQ_divideEQ_pos/libA: equiv,0.2932   ; unknown,0.0000   ; equiv,0.1389  
./mergedHard/EQ_divideEQ_pos/libB: not equiv,0.7114   ; unknown,0.0000   ; not equiv,0.3890  
./mergedHard/EQ_divideEQ_pos2/libA: equiv,0.2678   ; unknown,0.0000   ; equiv,0.1403  
./mergedHard/EQ_divideEQ_pos2/libB: equiv,17.9431  ; unknown,0.0000   ; timeout,300.0000
./mergedHard/EQ_divideEXTRA_ultra_prime_sum/libA: equiv,0.5225   ; unknown,0.0000   ; equiv,0.1211  
./mergedHard/EQ_divideEXTRA_ultra_prime_sum/libB: not equiv,120.4506 ; unknown,0.0000   ; timeout,300.0000
./mergedHard/EQ_getSign2EQ_UnchLoop/libA: equiv,0.2187   ; unknown,0.0000   ; equiv,0.1317  
./mergedHard/EQ_getSign2EQ_UnchLoop/libB: timeout,300.0000 ; unknown,0.0000   ; timeout,300.0000
./mergedHard/EQ_getSign2EQ_is_prime2/libA: equiv,0.3091   ; unknown,0.0000   ; equiv,0.1949  
./mergedHard/EQ_getSign2EQ_is_prime2/libB: not equiv,1.7953   ; unknown,0.0000   ; not equiv,1.2987  
./mergedHard/EQ_getSign2EQ_odd/libA: not equiv,0.5112   ; unknown,0.0000   ; not equiv,0.1787  
./mergedHard/EQ_getSign2EQ_odd/libB: not equiv,3.3489   ; unknown,0.0000   ; not equiv,3.2752  
./mergedHard/EQ_getSign2EQ_pos/libA: not equiv,0.5569   ; unknown,0.0000   ; not equiv,0.2089  
./mergedHard/EQ_getSign2EQ_pos/libB: not equiv,0.5916   ; unknown,0.0000   ; not equiv,0.2742  
./mergedHard/EQ_getSign2EQ_pos2/libA: not equiv,0.5320   ; unknown,0.0000   ; not equiv,0.2041  
./mergedHard/EQ_getSign2EQ_pos2/libB: equiv,17.7033  ; unknown,0.0000   ; timeout,300.0000
./mergedHard/EQ_getSign2EXTRA_ultra_prime_sum/libA: equiv,2.5741   ; unknown,0.0000   ; not equiv,0.1601  
./mergedHard/EQ_getSign2EXTRA_ultra_prime_sum/libB: not equiv,120.6020 ; unknown,0.0000   ; timeout,300.0000
./mergedHard/EQ_is_prime1EQ_UnchLoop/libA: not equiv,2.3612   ; unknown,0.0000   ; not equiv,0.1039  
./mergedHard/EQ_is_prime1EQ_UnchLoop/libB: equiv,40.2566  ; unknown,0.0000   ; timeout,300.0000
./mergedHard/EQ_is_prime1EQ_is_prime2/libA: not equiv,1.2664   ; unknown,0.0000   ; not equiv,0.6712  
./mergedHard/EQ_is_prime1EQ_is_prime2/libB: not equiv,1.2356   ; unknown,0.0000   ; not equiv,0.6684  
./mergedHard/EQ_is_prime1EQ_odd/libA: not equiv,0.9573   ; unknown,0.0000   ; not equiv,0.6226  
./mergedHard/EQ_is_prime1EQ_odd/libB: not equiv,2.4807   ; unknown,0.0000   ; not equiv,0.6474  
./mergedHard/EQ_is_prime1EQ_pos/libA: equiv,1.4679   ; unknown,0.0000   ; equiv,1.2840  
./mergedHard/EQ_is_prime1EQ_pos/libB: not equiv,0.6114   ; unknown,0.0000   ; not equiv,0.2748  
./mergedHard/EQ_is_prime1EQ_pos2/libA: equiv,1.4873   ; unknown,0.0000   ; equiv,1.2912  
./mergedHard/EQ_is_prime1EQ_pos2/libB: equiv,18.6510  ; unknown,0.0000   ; timeout,300.0000
./mergedHard/EQ_is_prime1EXTRA_ultra_prime_sum/libA: equiv,18.4206  ; unknown,0.0000   ; not equiv,0.3928  
./mergedHard/EQ_is_prime1EXTRA_ultra_prime_sum/libB: not equiv,163.3363 ; unknown,0.0000   ; not equiv,274.0848
./mergedHard/EQ_is_prime2EQ_Add/libA: not equiv,0.9202   ; unknown,0.0000   ; not equiv,0.5968  
./mergedHard/EQ_is_prime2EQ_Add/libB: equiv,0.2036   ; unknown,0.0000   ; equiv,0.1057  
./mergedHard/EQ_is_prime2EQ_Const/libA: not equiv,0.8853   ; unknown,0.0000   ; not equiv,0.5967  
./mergedHard/EQ_is_prime2EQ_Const/libB: equiv,0.2025   ; unknown,0.0000   ; equiv,0.1068  
./mergedHard/EQ_is_prime2EQ_LoopMult20/libA: not equiv,1.4414   ; unknown,0.0000   ; not equiv,0.9671  
./mergedHard/EQ_is_prime2EQ_LoopMult20/libB: equiv,12.0844  ; unknown,0.0000   ; not equiv,0.1736  
./mergedHard/EQ_is_prime2EQ_LoopUnreach20/libA: not equiv,1.4428   ; unknown,0.0000   ; not equiv,0.9704  
./mergedHard/EQ_is_prime2EQ_LoopUnreach20/libB: equiv,0.3110   ; unknown,0.0000   ; not equiv,0.1661  
./mergedHard/EQ_is_prime2EQ_UnchLoop/libA: not equiv,0.8876   ; unknown,0.0000   ; not equiv,0.5962  
./mergedHard/EQ_is_prime2EQ_UnchLoop/libB: timeout,300.0000 ; unknown,0.0000   ; timeout,300.0000
./mergedHard/EQ_is_prime2EQ_divide/libA: not equiv,1.5781   ; unknown,0.0000   ; not equiv,1.1479  
./mergedHard/EQ_is_prime2EQ_divide/libB: equiv,0.2823   ; unknown,0.0000   ; equiv,0.1202  
./mergedHard/EQ_is_prime2EQ_getSign2/libA: not equiv,1.5626   ; unknown,0.0000   ; not equiv,1.1724  
./mergedHard/EQ_is_prime2EQ_getSign2/libB: equiv,0.3127   ; unknown,0.0000   ; equiv,0.1856  
./mergedHard/EQ_is_prime2EQ_is_prime1/libA: not equiv,1.1928   ; unknown,0.0000   ; not equiv,0.6758  
./mergedHard/EQ_is_prime2EQ_is_prime1/libB: not equiv,1.1814   ; unknown,0.0000   ; not equiv,0.6751  
./mergedHard/EQ_is_prime2EQ_is_prime2/libA: not equiv,1.8431   ; unknown,0.0000   ; not equiv,1.3064  
./mergedHard/EQ_is_prime2EQ_is_prime2/libB: not equiv,1.8793   ; unknown,0.0000   ; not equiv,1.3197  
./mergedHard/EQ_is_prime2EQ_is_prime3/libA: not equiv,4.4637   ; unknown,0.0000   ; not equiv,1.4428  
./mergedHard/EQ_is_prime2EQ_is_prime3/libB: not equiv,4.4076   ; unknown,0.0000   ; not equiv,1.4424  
./mergedHard/EQ_is_prime2EQ_ltfive/libA: not equiv,4.0352   ; unknown,0.0000   ; not equiv,3.2316  
./mergedHard/EQ_is_prime2EQ_ltfive/libB: not equiv,0.6703   ; unknown,0.0000   ; not equiv,0.2232  
./mergedHard/EQ_is_prime2EQ_ltfiveBound/libA: not equiv,1.7296   ; unknown,0.0000   ; not equiv,1.1776  
./mergedHard/EQ_is_prime2EQ_ltfiveBound/libB: equiv,0.4381   ; unknown,0.0000   ; not equiv,0.1995  
./mergedHard/EQ_is_prime2EQ_multiple/libA: timeout,300.0000 ; unknown,0.0000   ; not equiv,0.6421  
./mergedHard/EQ_is_prime2EQ_multiple/libB: not equiv,0.7574   ; unknown,0.0000   ; not equiv,0.3016  
./mergedHard/EQ_is_prime2EQ_multipleBound/libA: not equiv,1.3315   ; unknown,0.0000   ; not equiv,0.8954  
./mergedHard/EQ_is_prime2EQ_multipleBound/libB: not equiv,0.7351   ; unknown,0.0000   ; not equiv,0.2944  
./mergedHard/EQ_is_prime2EQ_odd/libA: not equiv,1.5282   ; unknown,0.0000   ; not equiv,1.1475  
./mergedHard/EQ_is_prime2EQ_odd/libB: not equiv,0.6752   ; unknown,0.0000   ; not equiv,0.4081  
./mergedHard/EQ_is_prime2EQ_one/libA: not equiv,6.4737   ; unknown,0.0000   ; not equiv,6.0311  
./mergedHard/EQ_is_prime2EQ_one/libB: not equiv,0.5645   ; unknown,0.0000   ; not equiv,0.1945  
./mergedHard/EQ_is_prime2EQ_oneBound/libA: not equiv,2.5824   ; unknown,0.0000   ; not equiv,2.2510  
./mergedHard/EQ_is_prime2EQ_oneBound/libB: equiv,0.4113   ; unknown,0.0000   ; not equiv,0.2134  
./mergedHard/EQ_is_prime2EQ_oneN2/libA: not equiv,6.3716   ; unknown,0.0000   ; not equiv,6.0563  
./mergedHard/EQ_is_prime2EQ_oneN2/libB: not equiv,0.5966   ; unknown,0.0000   ; not equiv,0.2153  
./mergedHard/EQ_is_prime2EQ_pos/libA: not equiv,9.2730   ; unknown,0.0000   ; not equiv,8.2378  
./mergedHard/EQ_is_prime2EQ_pos/libB: not equiv,0.6311   ; unknown,0.0000   ; not equiv,0.2690  
./mergedHard/EQ_is_prime2EQ_pos2/libA: not equiv,9.2988   ; unknown,0.0000   ; not equiv,8.1849  
./mergedHard/EQ_is_prime2EQ_pos2/libB: equiv,16.7798  ; unknown,0.0000   ; timeout,300.0000
./mergedHard/EQ_is_prime2EXTRA_ultra_prime_sum/libA: not equiv,18.9255  ; unknown,0.0000   ; not equiv,0.8051  
./mergedHard/EQ_is_prime2EXTRA_ultra_prime_sum/libB: not equiv,43.1727  ; unknown,0.0000   ; timeout,300.0000
./mergedHard/EQ_is_prime2NEQ_LoopMult20/libA: not equiv,1.4701   ; unknown,0.0000   ; not equiv,0.9712  
./mergedHard/EQ_is_prime2NEQ_LoopMult20/libB: not equiv,0.6940   ; unknown,0.0000   ; not equiv,0.1570  
./mergedHard/EQ_is_prime2NEQ_LoopUnreach20/libA: not equiv,1.4579   ; unknown,0.0000   ; not equiv,0.9682  
./mergedHard/EQ_is_prime2NEQ_LoopUnreach20/libB: not equiv,0.5099   ; unknown,0.0000   ; not equiv,0.1554  
./mergedHard/EQ_is_prime2NEQ_getSign/libA: not equiv,1.5123   ; unknown,0.0000   ; not equiv,1.1311  
./mergedHard/EQ_is_prime2NEQ_getSign/libB: not equiv,0.5317   ; unknown,0.0000   ; not equiv,0.1722  
./mergedHard/EQ_is_prime3EQ_UnchLoop/libA: not equiv,2.3834   ; unknown,0.0000   ; not equiv,0.1930  
./mergedHard/EQ_is_prime3EQ_UnchLoop/libB: timeout,300.0000 ; unknown,0.0000   ; timeout,300.0000
./mergedHard/EQ_is_prime3EQ_is_prime2/libA: not equiv,8.1075   ; unknown,0.0000   ; not equiv,1.1306  
./mergedHard/EQ_is_prime3EQ_is_prime2/libB: not equiv,8.0778   ; unknown,0.0000   ; not equiv,1.1291  
./mergedHard/EQ_is_prime3EQ_odd/libA: not equiv,4.4095   ; unknown,0.0000   ; not equiv,0.7060  
./mergedHard/EQ_is_prime3EQ_odd/libB: timeout,300.0000 ; unknown,0.0000   ; timeout,300.0000
./mergedHard/EQ_is_prime3EQ_pos/libA: equiv,17.5907  ; unknown,0.0000   ; equiv,2.4538  
./mergedHard/EQ_is_prime3EQ_pos/libB: not equiv,1.7540   ; unknown,0.0000   ; not equiv,36.5603 
./mergedHard/EQ_is_prime3EQ_pos2/libA: equiv,25.4218  ; unknown,0.0000   ; equiv,2.4591  
./mergedHard/EQ_is_prime3EQ_pos2/libB: equiv,49.3913  ; unknown,0.0000   ; timeout,300.0000
./mergedHard/EQ_is_prime3EXTRA_ultra_prime_sum/libA: not equiv,36.8204  ; unknown,0.0000   ; not equiv,1.0036  
./mergedHard/EQ_is_prime3EXTRA_ultra_prime_sum/libB: not equiv,170.9082 ; unknown,0.0000   ; timeout,300.0000
./mergedHard/EQ_ltfiveBoundEQ_UnchLoop/libA: equiv,0.4054   ; unknown,0.0000   ; equiv,0.1847  
./mergedHard/EQ_ltfiveBoundEQ_UnchLoop/libB: timeout,300.0000 ; unknown,0.0000   ; equiv,24.5084 
./mergedHard/EQ_ltfiveBoundEQ_is_prime2/libA: equiv,0.4311   ; unknown,0.0000   ; not equiv,0.2000  
./mergedHard/EQ_ltfiveBoundEQ_is_prime2/libB: not equiv,1.6179   ; unknown,0.0000   ; not equiv,1.0050  
./mergedHard/EQ_ltfiveBoundEQ_odd/libA: not equiv,0.6315   ; unknown,0.0000   ; not equiv,0.2085  
./mergedHard/EQ_ltfiveBoundEQ_odd/libB: not equiv,11.5837  ; unknown,0.0000   ; timeout,300.0000
./mergedHard/EQ_ltfiveBoundEQ_pos/libA: not equiv,0.6879   ; unknown,0.0000   ; not equiv,0.2089  
./mergedHard/EQ_ltfiveBoundEQ_pos/libB: not equiv,1.0710   ; unknown,0.0000   ; not equiv,0.6242  
./mergedHard/EQ_ltfiveBoundEQ_pos2/libA: not equiv,0.6597   ; unknown,0.0000   ; not equiv,0.2098  
./mergedHard/EQ_ltfiveBoundEQ_pos2/libB: equiv,25.9635  ; unknown,0.0000   ; timeout,300.0000
./mergedHard/EQ_ltfiveBoundEXTRA_ultra_prime_sum/libA: not equiv,3.7123   ; unknown,0.0000   ; not equiv,0.1915  
./mergedHard/EQ_ltfiveBoundEXTRA_ultra_prime_sum/libB: not equiv,221.3921 ; unknown,0.0000   ; not equiv,157.7256
./mergedHard/EQ_ltfiveEQ_UnchLoop/libA: not equiv,0.7248   ; unknown,0.0000   ; not equiv,0.1793  
./mergedHard/EQ_ltfiveEQ_UnchLoop/libB: timeout,300.0000 ; unknown,0.0000   ; timeout,300.0000
./mergedHard/EQ_ltfiveEQ_is_prime2/libA: not equiv,0.7836   ; unknown,0.0000   ; not equiv,0.2281  
./mergedHard/EQ_ltfiveEQ_is_prime2/libB: not equiv,3.0168   ; unknown,0.0000   ; not equiv,2.4982  
./mergedHard/EQ_ltfiveEQ_odd/libA: not equiv,0.6421   ; unknown,0.0000   ; not equiv,0.2332  
./mergedHard/EQ_ltfiveEQ_odd/libB: not equiv,12.1521  ; unknown,0.0000   ; not equiv,14.6013 
./mergedHard/EQ_ltfiveEQ_pos/libA: not equiv,0.6785   ; unknown,0.0000   ; not equiv,0.2352  
./mergedHard/EQ_ltfiveEQ_pos/libB: not equiv,1.0095   ; unknown,0.0000   ; not equiv,0.3971  
./mergedHard/EQ_ltfiveEQ_pos2/libA: not equiv,0.6573   ; unknown,0.0000   ; not equiv,0.2316  
./mergedHard/EQ_ltfiveEQ_pos2/libB: equiv,25.9946  ; unknown,0.0000   ; timeout,300.0000
./mergedHard/EQ_ltfiveEXTRA_ultra_prime_sum/libA: not equiv,1.1597   ; unknown,0.0000   ; not equiv,0.2255  
./mergedHard/EQ_ltfiveEXTRA_ultra_prime_sum/libB: not equiv,119.5981 ; unknown,0.0000   ; timeout,300.0000
./mergedHard/EQ_multipleBoundEQ_UnchLoop/libA: not equiv,0.6207   ; unknown,0.0000   ; not equiv,0.2254  
./mergedHard/EQ_multipleBoundEQ_UnchLoop/libB: timeout,300.0000 ; unknown,0.0000   ; timeout,300.0000
./mergedHard/EQ_multipleBoundEQ_is_prime2/libA: not equiv,0.7250   ; unknown,0.0000   ; not equiv,0.3755  
./mergedHard/EQ_multipleBoundEQ_is_prime2/libB: not equiv,1.3118   ; unknown,0.0000   ; not equiv,0.7551  
./mergedHard/EQ_multipleBoundEQ_odd/libA: not equiv,0.8968   ; unknown,0.0000   ; not equiv,0.3510  
./mergedHard/EQ_multipleBoundEQ_odd/libB: equiv,12.7913  ; unknown,0.0000   ; timeout,300.0000
./mergedHard/EQ_multipleBoundEQ_pos/libA: not equiv,0.8496   ; unknown,0.0000   ; not equiv,0.4690  
./mergedHard/EQ_multipleBoundEQ_pos/libB: not equiv,1.2656   ; unknown,0.0000   ; not equiv,1.0037  
./mergedHard/EQ_multipleBoundEQ_pos2/libA: not equiv,0.8153   ; unknown,0.0000   ; not equiv,0.4727  
./mergedHard/EQ_multipleBoundEQ_pos2/libB: equiv,18.0053  ; unknown,0.0000   ; timeout,300.0000
./mergedHard/EQ_multipleBoundEXTRA_ultra_prime_sum/libA: timeout,300.0000 ; unknown,0.0000   ; timeout,300.0000
./mergedHard/EQ_multipleBoundEXTRA_ultra_prime_sum/libB: timeout,300.0000 ; unknown,0.0000   ; timeout,300.0000
./mergedHard/EQ_multipleEQ_UnchLoop/libA: not equiv,0.6103   ; unknown,0.0000   ; not equiv,0.2236  
./mergedHard/EQ_multipleEQ_UnchLoop/libB: timeout,300.0000 ; unknown,0.0000   ; timeout,300.0000
./mergedHard/EQ_multipleEQ_is_prime2/libA: not equiv,0.7083   ; unknown,0.0000   ; not equiv,0.2676  
./mergedHard/EQ_multipleEQ_is_prime2/libB: not equiv,1.9521   ; unknown,0.0000   ; not equiv,0.6374  
./mergedHard/EQ_multipleEQ_odd/libA: not equiv,0.9148   ; unknown,0.0000   ; not equiv,0.3781  
./mergedHard/EQ_multipleEQ_odd/libB: equiv,12.7303  ; unknown,0.0000   ; timeout,300.0000
./mergedHard/EQ_multipleEQ_pos/libA: not equiv,0.7695   ; unknown,0.0000   ; not equiv,0.3069  
./mergedHard/EQ_multipleEQ_pos/libB: not equiv,0.6646   ; unknown,0.0000   ; not equiv,0.3437  
./mergedHard/EQ_multipleEQ_pos2/libA: not equiv,0.7636   ; unknown,0.0000   ; not equiv,0.3108  
./mergedHard/EQ_multipleEQ_pos2/libB: equiv,17.7817  ; unknown,0.0000   ; timeout,300.0000
./mergedHard/EQ_multipleEXTRA_ultra_prime_sum/libA: not equiv,1.2023   ; unknown,0.0000   ; not equiv,0.2753  
./mergedHard/EQ_multipleEXTRA_ultra_prime_sum/libB: timeout,300.0000 ; unknown,0.0000   ; timeout,300.0000
./mergedHard/EQ_oddEQ_Add/libA: equiv,11.5456  ; unknown,0.0000   ; timeout,300.0000
./mergedHard/EQ_oddEQ_Add/libB: equiv,0.1984   ; unknown,0.0000   ; equiv,0.1078  
./mergedHard/EQ_oddEQ_Const/libA: equiv,11.5289  ; unknown,0.0000   ; timeout,300.0000
./mergedHard/EQ_oddEQ_Const/libB: equiv,0.2020   ; unknown,0.0000   ; equiv,0.1079  
./mergedHard/EQ_oddEQ_LoopMult20/libA: not equiv,0.9750   ; unknown,0.0000   ; not equiv,0.5078  
./mergedHard/EQ_oddEQ_LoopMult20/libB: timeout,300.0000 ; unknown,0.0000   ; timeout,300.0000
./mergedHard/EQ_oddEQ_LoopUnreach20/libA: not equiv,0.9989   ; unknown,0.0000   ; not equiv,0.5100  
./mergedHard/EQ_oddEQ_LoopUnreach20/libB: equiv,0.2497   ; unknown,0.0000   ; equiv,0.1535  
./mergedHard/EQ_oddEQ_UnchLoop/libA: equiv,11.5254  ; unknown,0.0000   ; timeout,300.0000
./mergedHard/EQ_oddEQ_UnchLoop/libB: timeout,300.0000 ; unknown,0.0000   ; timeout,300.0000
./mergedHard/EQ_oddEQ_divide/libA: not equiv,0.9160   ; unknown,0.0000   ; not equiv,0.7021  
./mergedHard/EQ_oddEQ_divide/libB: equiv,0.2504   ; unknown,0.0000   ; equiv,0.1524  
./mergedHard/EQ_oddEQ_getSign2/libA: not equiv,1.1861   ; unknown,0.0000   ; not equiv,0.7625  
./mergedHard/EQ_oddEQ_getSign2/libB: not equiv,0.4713   ; unknown,0.0000   ; not equiv,0.1710  
./mergedHard/EQ_oddEQ_is_prime1/libA: not equiv,2.6508   ; unknown,0.0000   ; not equiv,0.6436  
./mergedHard/EQ_oddEQ_is_prime1/libB: not equiv,1.0130   ; unknown,0.0000   ; not equiv,0.6807  
./mergedHard/EQ_oddEQ_is_prime2/libA: not equiv,0.7997   ; unknown,0.0000   ; not equiv,0.4508  
./mergedHard/EQ_oddEQ_is_prime2/libB: not equiv,1.9305   ; unknown,0.0000   ; not equiv,1.2996  
./mergedHard/EQ_oddEQ_is_prime3/libA: not equiv,25.0774  ; unknown,0.0000   ; not equiv,16.8598 
./mergedHard/EQ_oddEQ_is_prime3/libB: not equiv,2.2167   ; unknown,0.0000   ; not equiv,0.7160  
./mergedHard/EQ_oddEQ_ltfive/libA: not equiv,4.7098   ; unknown,0.0000   ; not equiv,3.1317  
./mergedHard/EQ_oddEQ_ltfive/libB: not equiv,0.6592   ; unknown,0.0000   ; not equiv,0.2326  
./mergedHard/EQ_oddEQ_ltfiveBound/libA: not equiv,2.8647   ; unknown,0.0000   ; not equiv,2.2136  
./mergedHard/EQ_oddEQ_ltfiveBound/libB: not equiv,0.6310   ; unknown,0.0000   ; not equiv,0.2104  
./mergedHard/EQ_oddEQ_multiple/libA: equiv,12.8071  ; unknown,0.0000   ; timeout,300.0000
./mergedHard/EQ_oddEQ_multiple/libB: not equiv,0.9221   ; unknown,0.0000   ; not equiv,0.3643  
./mergedHard/EQ_oddEQ_multipleBound/libA: equiv,13.3571  ; unknown,0.0000   ; timeout,300.0000
./mergedHard/EQ_oddEQ_multipleBound/libB: not equiv,0.9192   ; unknown,0.0000   ; not equiv,0.3281  
./mergedHard/EQ_oddEQ_odd/libA: equiv,12.7352  ; unknown,0.0000   ; timeout,300.0000
./mergedHard/EQ_oddEQ_odd/libB: equiv,12.7461  ; unknown,0.0000   ; timeout,300.0000
./mergedHard/EQ_oddEQ_one/libA: not equiv,2.0859   ; unknown,0.0000   ; not equiv,1.2201  
./mergedHard/EQ_oddEQ_one/libB: not equiv,0.5507   ; unknown,0.0000   ; not equiv,0.1934  
./mergedHard/EQ_oddEQ_oneBound/libA: not equiv,1.6853   ; unknown,0.0000   ; not equiv,1.0763  
./mergedHard/EQ_oddEQ_oneBound/libB: not equiv,0.5998   ; unknown,0.0000   ; not equiv,0.2115  
./mergedHard/EQ_oddEQ_oneN2/libA: not equiv,2.0232   ; unknown,0.0000   ; not equiv,1.2241  
./mergedHard/EQ_oddEQ_oneN2/libB: not equiv,0.6004   ; unknown,0.0000   ; not equiv,0.2362  
./mergedHard/EQ_oddEQ_pos/libA: not equiv,1.2384   ; unknown,0.0000   ; not equiv,0.8213  
./mergedHard/EQ_oddEQ_pos/libB: not equiv,0.6902   ; unknown,0.0000   ; not equiv,0.3250  
./mergedHard/EQ_oddEQ_pos2/libA: not equiv,1.2417   ; unknown,0.0000   ; not equiv,0.8217  
./mergedHard/EQ_oddEQ_pos2/libB: equiv,17.7679  ; unknown,0.0000   ; timeout,300.0000
./mergedHard/EQ_oddEXTRA_ultra_prime_sum/libA: timeout,300.0000 ; unknown,0.0000   ; timeout,300.0000
./mergedHard/EQ_oddEXTRA_ultra_prime_sum/libB: timeout,300.0000 ; unknown,0.0000   ; timeout,300.0000
./mergedHard/EQ_oddNEQ_LoopMult20/libA: not equiv,1.0024   ; unknown,0.0000   ; not equiv,0.5079  
./mergedHard/EQ_oddNEQ_LoopMult20/libB: not equiv,1.0788   ; unknown,0.0000   ; not equiv,0.4950  
./mergedHard/EQ_oddNEQ_LoopUnreach20/libA: not equiv,0.9801   ; unknown,0.0000   ; not equiv,0.5102  
./mergedHard/EQ_oddNEQ_LoopUnreach20/libB: not equiv,0.4640   ; unknown,0.0000   ; not equiv,0.1548  
./mergedHard/EQ_oddNEQ_getSign/libA: not equiv,0.9003   ; unknown,0.0000   ; not equiv,0.6387  
./mergedHard/EQ_oddNEQ_getSign/libB: not equiv,0.4691   ; unknown,0.0000   ; not equiv,0.1611  
./mergedHard/EQ_oneBoundEQ_UnchLoop/libA: not equiv,0.4552   ; unknown,0.0000   ; not equiv,0.1519  
./mergedHard/EQ_oneBoundEQ_UnchLoop/libB: equiv,3.6581   ; unknown,0.0000   ; equiv,3.5362  
./mergedHard/EQ_oneBoundEQ_is_prime2/libA: equiv,0.4034   ; unknown,0.0000   ; not equiv,0.2050  
./mergedHard/EQ_oneBoundEQ_is_prime2/libB: not equiv,2.3826   ; unknown,0.0000   ; not equiv,1.7514  
./mergedHard/EQ_oneBoundEQ_odd/libA: not equiv,0.6236   ; unknown,0.0000   ; not equiv,0.2125  
./mergedHard/EQ_oneBoundEQ_odd/libB: not equiv,11.2818  ; unknown,0.0000   ; not equiv,11.9204 
./mergedHard/EQ_oneBoundEQ_pos/libA: not equiv,0.6368   ; unknown,0.0000   ; not equiv,0.2039  
./mergedHard/EQ_oneBoundEQ_pos/libB: equiv,14.4580  ; unknown,0.0000   ; timeout,300.0000
./mergedHard/EQ_oneBoundEQ_pos2/libA: not equiv,0.6327   ; unknown,0.0000   ; not equiv,0.2029  
./mergedHard/EQ_oneBoundEQ_pos2/libB: equiv,26.0264  ; unknown,0.0000   ; timeout,300.0000
./mergedHard/EQ_oneBoundEXTRA_ultra_prime_sum/libA: not equiv,4.7948   ; unknown,0.0000   ; not equiv,0.1857  
./mergedHard/EQ_oneBoundEXTRA_ultra_prime_sum/libB: timeout,300.0000 ; unknown,0.0000   ; timeout,300.0000
./mergedHard/EQ_oneEQ_UnchLoop/libA: not equiv,0.4846   ; unknown,0.0000   ; not equiv,0.1634  
./mergedHard/EQ_oneEQ_UnchLoop/libB: timeout,300.0000 ; unknown,0.0000   ; timeout,300.0000
./mergedHard/EQ_oneEQ_is_prime2/libA: not equiv,0.5904   ; unknown,0.0000   ; not equiv,0.1872  
./mergedHard/EQ_oneEQ_is_prime2/libB: not equiv,2.8948   ; unknown,0.0000   ; not equiv,1.9200  
./mergedHard/EQ_oneEQ_odd/libA: not equiv,0.5647   ; unknown,0.0000   ; not equiv,0.1856  
./mergedHard/EQ_oneEQ_odd/libB: not equiv,2.7103   ; unknown,0.0000   ; not equiv,1.9877  
./mergedHard/EQ_oneEQ_pos/libA: not equiv,0.6060   ; unknown,0.0000   ; not equiv,0.1962  
./mergedHard/EQ_oneEQ_pos/libB: equiv,14.3579  ; unknown,0.0000   ; timeout,300.0000
./mergedHard/EQ_oneEQ_pos2/libA: not equiv,0.6108   ; unknown,0.0000   ; not equiv,0.1945  
./mergedHard/EQ_oneEQ_pos2/libB: equiv,25.9399  ; unknown,0.0000   ; timeout,300.0000
./mergedHard/EQ_oneEXTRA_ultra_prime_sum/libA: not equiv,3.3988   ; unknown,0.0000   ; not equiv,0.2064  
./mergedHard/EQ_oneEXTRA_ultra_prime_sum/libB: timeout,300.0000 ; unknown,0.0000   ; timeout,300.0000
./mergedHard/EQ_oneN2EQ_UnchLoop/libA: not equiv,0.4759   ; unknown,0.0000   ; not equiv,0.1640  
./mergedHard/EQ_oneN2EQ_UnchLoop/libB: timeout,300.0000 ; unknown,0.0000   ; timeout,300.0000
./mergedHard/EQ_oneN2EQ_is_prime2/libA: not equiv,0.6216   ; unknown,0.0000   ; not equiv,0.2063  
./mergedHard/EQ_oneN2EQ_is_prime2/libB: not equiv,2.8881   ; unknown,0.0000   ; not equiv,1.9164  
./mergedHard/EQ_oneN2EQ_odd/libA: not equiv,0.6570   ; unknown,0.0000   ; not equiv,0.2562  
./mergedHard/EQ_oneN2EQ_odd/libB: not equiv,2.6890   ; unknown,0.0000   ; not equiv,1.8168  
./mergedHard/EQ_oneN2EQ_pos/libA: not equiv,0.6578   ; unknown,0.0000   ; not equiv,0.2144  
./mergedHard/EQ_oneN2EQ_pos/libB: equiv,14.4125  ; unknown,0.0000   ; timeout,300.0000
./mergedHard/EQ_oneN2EQ_pos2/libA: not equiv,0.6669   ; unknown,0.0000   ; not equiv,0.2151  
./mergedHard/EQ_oneN2EQ_pos2/libB: equiv,25.9317  ; unknown,0.0000   ; timeout,300.0000
./mergedHard/EQ_oneN2EXTRA_ultra_prime_sum/libA: not equiv,1.7972   ; unknown,0.0000   ; not equiv,0.1983  
./mergedHard/EQ_oneN2EXTRA_ultra_prime_sum/libB: timeout,300.0000 ; unknown,0.0000   ; timeout,300.0000
./mergedHard/EQ_pos2EQ_Add/libA: equiv,12.8986  ; unknown,0.0000   ; timeout,300.0000
./mergedHard/EQ_pos2EQ_Add/libB: equiv,0.2335   ; unknown,0.0000   ; equiv,0.1095  
./mergedHard/EQ_pos2EQ_Const/libA: equiv,12.9025  ; unknown,0.0000   ; timeout,300.0000
./mergedHard/EQ_pos2EQ_Const/libB: equiv,0.2301   ; unknown,0.0000   ; equiv,0.1110  
./mergedHard/EQ_pos2EQ_LoopMult20/libA: equiv,17.7908  ; unknown,0.0000   ; timeout,300.0000
./mergedHard/EQ_pos2EQ_LoopMult20/libB: equiv,0.5761   ; unknown,0.0000   ; equiv,0.4419  
./mergedHard/EQ_pos2EQ_LoopUnreach20/libA: equiv,17.8557  ; unknown,0.0000   ; timeout,300.0000
./mergedHard/EQ_pos2EQ_LoopUnreach20/libB: equiv,0.3458   ; unknown,0.0000   ; equiv,0.2059  
./mergedHard/EQ_pos2EQ_UnchLoop/libA: equiv,12.9117  ; unknown,0.0000   ; timeout,300.0000
./mergedHard/EQ_pos2EQ_UnchLoop/libB: equiv,0.2494   ; unknown,0.0000   ; equiv,0.1214  
./mergedHard/EQ_pos2EQ_divide/libA: equiv,18.0324  ; unknown,0.0000   ; timeout,300.0000
./mergedHard/EQ_pos2EQ_divide/libB: equiv,0.3034   ; unknown,0.0000   ; equiv,0.1437  
./mergedHard/EQ_pos2EQ_getSign2/libA: equiv,17.8668  ; unknown,0.0000   ; timeout,300.0000
./mergedHard/EQ_pos2EQ_getSign2/libB: not equiv,0.5743   ; unknown,0.0000   ; not equiv,0.2087  
./mergedHard/EQ_pos2EQ_is_prime1/libA: equiv,18.5227  ; unknown,0.0000   ; timeout,300.0000
./mergedHard/EQ_pos2EQ_is_prime1/libB: equiv,1.4956   ; unknown,0.0000   ; equiv,1.2938  
./mergedHard/EQ_pos2EQ_is_prime2/libA: equiv,18.5024  ; unknown,0.0000   ; timeout,300.0000
./mergedHard/EQ_pos2EQ_is_prime2/libB: not equiv,2.8128   ; unknown,0.0000   ; not equiv,2.0398  
./mergedHard/EQ_pos2EQ_is_prime3/libA: equiv,33.3394  ; unknown,0.0000   ; timeout,300.0000
./mergedHard/EQ_pos2EQ_is_prime3/libB: equiv,6.4906   ; unknown,0.0000   ; equiv,2.4775  
./mergedHard/EQ_pos2EQ_ltfive/libA: equiv,27.0431  ; unknown,0.0000   ; timeout,300.0000
./mergedHard/EQ_pos2EQ_ltfive/libB: not equiv,0.6841   ; unknown,0.0000   ; not equiv,0.2332  
./mergedHard/EQ_pos2EQ_ltfiveBound/libA: equiv,25.7122  ; unknown,0.0000   ; timeout,300.0000
./mergedHard/EQ_pos2EQ_ltfiveBound/libB: not equiv,0.6626   ; unknown,0.0000   ; not equiv,0.2131  
./mergedHard/EQ_pos2EQ_multiple/libA: equiv,18.0037  ; unknown,0.0000   ; timeout,300.0000
./mergedHard/EQ_pos2EQ_multiple/libB: not equiv,0.9265   ; unknown,0.0000   ; not equiv,0.3044  
./mergedHard/EQ_pos2EQ_multipleBound/libA: equiv,18.0972  ; unknown,0.0000   ; timeout,300.0000
./mergedHard/EQ_pos2EQ_multipleBound/libB: not equiv,0.7848   ; unknown,0.0000   ; not equiv,0.2853  
./mergedHard/EQ_pos2EQ_odd/libA: equiv,18.0021  ; unknown,0.0000   ; timeout,300.0000
./mergedHard/EQ_pos2EQ_odd/libB: not equiv,1.7218   ; unknown,0.0000   ; not equiv,1.4881  
./mergedHard/EQ_pos2EQ_one/libA: equiv,25.8166  ; unknown,0.0000   ; timeout,300.0000
./mergedHard/EQ_pos2EQ_one/libB: not equiv,0.6026   ; unknown,0.0000   ; not equiv,0.1968  
./mergedHard/EQ_pos2EQ_oneBound/libA: equiv,26.2852  ; unknown,0.0000   ; timeout,300.0000
./mergedHard/EQ_pos2EQ_oneBound/libB: not equiv,0.6311   ; unknown,0.0000   ; not equiv,0.2150  
./mergedHard/EQ_pos2EQ_oneN2/libA: equiv,25.9667  ; unknown,0.0000   ; timeout,300.0000
./mergedHard/EQ_pos2EQ_oneN2/libB: not equiv,0.6325   ; unknown,0.0000   ; not equiv,0.2055  
./mergedHard/EQ_pos2EQ_pos/libA: equiv,23.6025  ; unknown,0.0000   ; timeout,300.0000
./mergedHard/EQ_pos2EQ_pos/libB: equiv,13.6628  ; unknown,0.0000   ; timeout,300.0000
./mergedHard/EQ_pos2EQ_pos2/libA: equiv,23.5033  ; unknown,0.0000   ; timeout,300.0000
./mergedHard/EQ_pos2EQ_pos2/libB: equiv,23.4881  ; unknown,0.0000   ; timeout,300.0000
./mergedHard/EQ_pos2EXTRA_ultra_prime_sum/libA: equiv,44.2406  ; unknown,0.0000   ; timeout,300.0000
./mergedHard/EQ_pos2EXTRA_ultra_prime_sum/libB: timeout,300.0000 ; unknown,0.0000   ; timeout,300.0000
./mergedHard/EQ_pos2NEQ_LoopMult20/libA: equiv,17.8357  ; unknown,0.0000   ; timeout,300.0000
./mergedHard/EQ_pos2NEQ_LoopMult20/libB: not equiv,0.9453   ; unknown,0.0000   ; not equiv,0.3497  
./mergedHard/EQ_pos2NEQ_LoopUnreach20/libA: equiv,17.8080  ; unknown,0.0000   ; timeout,300.0000
./mergedHard/EQ_pos2NEQ_LoopUnreach20/libB: not equiv,0.5661   ; unknown,0.0000   ; not equiv,0.1896  
./mergedHard/EQ_pos2NEQ_getSign/libA: equiv,18.5419  ; unknown,0.0000   ; timeout,300.0000
./mergedHard/EQ_pos2NEQ_getSign/libB: not equiv,0.5656   ; unknown,0.0000   ; not equiv,0.1991  
./mergedHard/EQ_posEQ_Add/libA: not equiv,0.5051   ; unknown,0.0000   ; not equiv,0.1934  
./mergedHard/EQ_posEQ_Add/libB: equiv,0.2059   ; unknown,0.0000   ; equiv,0.1104  
./mergedHard/EQ_posEQ_Const/libA: not equiv,0.5289   ; unknown,0.0000   ; not equiv,0.1957  
./mergedHard/EQ_posEQ_Const/libB: equiv,0.2109   ; unknown,0.0000   ; equiv,0.1101  
./mergedHard/EQ_posEQ_LoopMult20/libA: not equiv,0.6360   ; unknown,0.0000   ; not equiv,0.3153  
./mergedHard/EQ_posEQ_LoopMult20/libB: equiv,0.5407   ; unknown,0.0000   ; equiv,0.4081  
./mergedHard/EQ_posEQ_LoopUnreach20/libA: not equiv,0.6324   ; unknown,0.0000   ; not equiv,0.3099  
./mergedHard/EQ_posEQ_LoopUnreach20/libB: equiv,0.3208   ; unknown,0.0000   ; equiv,0.1844  
./mergedHard/EQ_posEQ_UnchLoop/libA: not equiv,0.5082   ; unknown,0.0000   ; not equiv,0.1967  
./mergedHard/EQ_posEQ_UnchLoop/libB: equiv,0.2271   ; unknown,0.0000   ; equiv,0.1208  
./mergedHard/EQ_posEQ_divide/libA: not equiv,0.7220   ; unknown,0.0000   ; not equiv,0.3404  
./mergedHard/EQ_posEQ_divide/libB: equiv,0.2743   ; unknown,0.0000   ; equiv,0.1425  
./mergedHard/EQ_posEQ_getSign2/libA: not equiv,0.6090   ; unknown,0.0000   ; not equiv,0.2673  
./mergedHard/EQ_posEQ_getSign2/libB: not equiv,0.5492   ; unknown,0.0000   ; not equiv,0.2081  
./mergedHard/EQ_posEQ_is_prime1/libA: not equiv,0.5847   ; unknown,0.0000   ; not equiv,0.2772  
./mergedHard/EQ_posEQ_is_prime1/libB: equiv,1.4707   ; unknown,0.0000   ; equiv,1.2987  
./mergedHard/EQ_posEQ_is_prime2/libA: not equiv,0.6531   ; unknown,0.0000   ; not equiv,0.2848  
./mergedHard/EQ_posEQ_is_prime2/libB: not equiv,2.7933   ; unknown,0.0000   ; not equiv,2.0489  
./mergedHard/EQ_posEQ_is_prime3/libA: not equiv,23.7863  ; unknown,0.0000   ; not equiv,1.5392  
./mergedHard/EQ_posEQ_is_prime3/libB: equiv,6.3254   ; unknown,0.0000   ; equiv,2.4798  
./mergedHard/EQ_posEQ_ltfive/libA: not equiv,0.8874   ; unknown,0.0000   ; not equiv,0.4333  
./mergedHard/EQ_posEQ_ltfive/libB: not equiv,0.6696   ; unknown,0.0000   ; not equiv,0.2336  
./mergedHard/EQ_posEQ_ltfiveBound/libA: not equiv,0.8451   ; unknown,0.0000   ; not equiv,0.3772  
./mergedHard/EQ_posEQ_ltfiveBound/libB: not equiv,0.6395   ; unknown,0.0000   ; not equiv,0.2130  
./mergedHard/EQ_posEQ_multiple/libA: not equiv,0.7046   ; unknown,0.0000   ; not equiv,0.3224  
./mergedHard/EQ_posEQ_multiple/libB: not equiv,0.8976   ; unknown,0.0000   ; not equiv,0.3058  
./mergedHard/EQ_posEQ_multipleBound/libA: not equiv,0.8724   ; unknown,0.0000   ; not equiv,0.5385  
./mergedHard/EQ_posEQ_multipleBound/libB: not equiv,0.8096   ; unknown,0.0000   ; not equiv,0.3030  
./mergedHard/EQ_posEQ_odd/libA: not equiv,0.6539   ; unknown,0.0000   ; not equiv,0.3105  
./mergedHard/EQ_posEQ_odd/libB: not equiv,1.9079   ; unknown,0.0000   ; not equiv,1.4802  
./mergedHard/EQ_posEQ_one/libA: equiv,14.2284  ; unknown,0.0000   ; timeout,300.0000
./mergedHard/EQ_posEQ_one/libB: not equiv,0.6126   ; unknown,0.0000   ; not equiv,0.1966  
./mergedHard/EQ_posEQ_oneBound/libA: equiv,14.2570  ; unknown,0.0000   ; timeout,300.0000
./mergedHard/EQ_posEQ_oneBound/libB: not equiv,0.6313   ; unknown,0.0000   ; not equiv,0.2147  
./mergedHard/EQ_posEQ_oneN2/libA: equiv,14.2071  ; unknown,0.0000   ; timeout,300.0000
./mergedHard/EQ_posEQ_oneN2/libB: not equiv,0.6276   ; unknown,0.0000   ; not equiv,0.2058  
./mergedHard/EQ_posEQ_pos/libA: equiv,13.6484  ; unknown,0.0000   ; timeout,300.0000
./mergedHard/EQ_posEQ_pos/libB: equiv,13.7062  ; unknown,0.0000   ; timeout,300.0000
./mergedHard/EQ_posEQ_pos2/libA: equiv,13.6741  ; unknown,0.0000   ; timeout,300.0000
./mergedHard/EQ_posEQ_pos2/libB: equiv,23.6623  ; unknown,0.0000   ; timeout,300.0000
./mergedHard/EQ_posEXTRA_ultra_prime_sum/libA: timeout,300.0000 ; unknown,0.0000   ; timeout,300.0000
./mergedHard/EQ_posEXTRA_ultra_prime_sum/libB: timeout,300.0000 ; unknown,0.0000   ; timeout,300.0000
./mergedHard/EQ_posNEQ_LoopMult20/libA: not equiv,0.6597   ; unknown,0.0000   ; not equiv,0.3121  
./mergedHard/EQ_posNEQ_LoopMult20/libB: not equiv,0.9141   ; unknown,0.0000   ; not equiv,0.3497  
./mergedHard/EQ_posNEQ_LoopUnreach20/libA: not equiv,0.6342   ; unknown,0.0000   ; not equiv,0.3095  
./mergedHard/EQ_posNEQ_LoopUnreach20/libB: not equiv,0.5414   ; unknown,0.0000   ; not equiv,0.1869  
./mergedHard/EQ_posNEQ_getSign/libA: not equiv,0.5873   ; unknown,0.0000   ; not equiv,0.2776  
./mergedHard/EQ_posNEQ_getSign/libB: not equiv,0.5514   ; unknown,0.0000   ; not equiv,0.1994  
./mergedHard/EXTRA_ultra_prime_sumEQ_Add/libA: not equiv,50.7962  ; unknown,0.0000   ; not equiv,0.1473  
./mergedHard/EXTRA_ultra_prime_sumEQ_Add/libB: equiv,0.4271   ; unknown,0.0000   ; timeout,300.0000
./mergedHard/EXTRA_ultra_prime_sumEQ_Const/libA: not equiv,51.0492  ; unknown,0.0000   ; not equiv,0.1488  
./mergedHard/EXTRA_ultra_prime_sumEQ_Const/libB: equiv,0.4324   ; unknown,0.0000   ; timeout,300.0000
./mergedHard/EXTRA_ultra_prime_sumEQ_LoopMult20/libA: not equiv,294.0619 ; unknown,0.0000   ; not equiv,3.5680  
./mergedHard/EXTRA_ultra_prime_sumEQ_LoopMult20/libB: timeout,300.0000 ; unknown,0.0000   ; timeout,300.0000
./mergedHard/EXTRA_ultra_prime_sumEQ_LoopUnreach20/libA: not equiv,290.5637 ; unknown,0.0000   ; not equiv,3.5876  
./mergedHard/EXTRA_ultra_prime_sumEQ_LoopUnreach20/libB: equiv,1.5200   ; unknown,0.0000   ; timeout,300.0000
./mergedHard/EXTRA_ultra_prime_sumEQ_UnchLoop/libA: not equiv,50.8948  ; unknown,0.0000   ; not equiv,0.1491  
./mergedHard/EXTRA_ultra_prime_sumEQ_UnchLoop/libB: equiv,120.8440 ; unknown,0.0000   ; timeout,300.0000
./mergedHard/EXTRA_ultra_prime_sumEQ_divide/libA: not equiv,199.3469 ; unknown,0.0000   ; not equiv,192.2624
./mergedHard/EXTRA_ultra_prime_sumEQ_divide/libB: equiv,0.6044   ; unknown,0.0000   ; equiv,0.1266  
./mergedHard/EXTRA_ultra_prime_sumEQ_getSign2/libA: not equiv,214.3463 ; unknown,0.0000   ; not equiv,185.2959
./mergedHard/EXTRA_ultra_prime_sumEQ_getSign2/libB: not equiv,2.1761   ; unknown,0.0000   ; not equiv,0.1669  
./mergedHard/EXTRA_ultra_prime_sumEQ_is_prime1/libA: not equiv,157.7078 ; unknown,0.0000   ; not equiv,226.5844
./mergedHard/EXTRA_ultra_prime_sumEQ_is_prime1/libB: equiv,18.3631  ; unknown,0.0000   ; not equiv,0.3866  
./mergedHard/EXTRA_ultra_prime_sumEQ_is_prime2/libA: not equiv,105.5255 ; unknown,0.0000   ; timeout,300.0000
./mergedHard/EXTRA_ultra_prime_sumEQ_is_prime2/libB: equiv,19.5403  ; unknown,0.0000   ; not equiv,0.7809  
./mergedHard/EXTRA_ultra_prime_sumEQ_is_prime3/libA: not equiv,96.6485  ; unknown,0.0000   ; timeout,300.0000
./mergedHard/EXTRA_ultra_prime_sumEQ_is_prime3/libB: equiv,21.8083  ; unknown,0.0000   ; not equiv,1.5094  
./mergedHard/EXTRA_ultra_prime_sumEQ_ltfive/libA: not equiv,165.4626 ; unknown,0.0000   ; timeout,300.0000
./mergedHard/EXTRA_ultra_prime_sumEQ_ltfive/libB: not equiv,3.7506   ; unknown,0.0000   ; not equiv,0.2294  
./mergedHard/EXTRA_ultra_prime_sumEQ_ltfiveBound/libA: timeout,300.0000 ; unknown,0.0000   ; not equiv,115.9627
./mergedHard/EXTRA_ultra_prime_sumEQ_ltfiveBound/libB: not equiv,3.3165   ; unknown,0.0000   ; not equiv,0.1948  
./mergedHard/EXTRA_ultra_prime_sumEQ_multiple/libA: timeout,300.0000 ; unknown,0.0000   ; timeout,300.0000
./mergedHard/EXTRA_ultra_prime_sumEQ_multiple/libB: timeout,300.0000 ; unknown,0.0000   ; not equiv,0.3124  
./mergedHard/EXTRA_ultra_prime_sumEQ_multipleBound/libA: timeout,300.0000 ; unknown,0.0000   ; timeout,300.0000
./mergedHard/EXTRA_ultra_prime_sumEQ_multipleBound/libB: timeout,300.0000 ; unknown,0.0000   ; timeout,300.0000
./mergedHard/EXTRA_ultra_prime_sumEQ_odd/libA: timeout,300.0000 ; unknown,0.0000   ; timeout,300.0000
./mergedHard/EXTRA_ultra_prime_sumEQ_odd/libB: equiv,53.4462  ; unknown,0.0000   ; timeout,300.0000
./mergedHard/EXTRA_ultra_prime_sumEQ_one/libA: timeout,300.0000 ; unknown,0.0000   ; timeout,300.0000
./mergedHard/EXTRA_ultra_prime_sumEQ_one/libB: not equiv,5.0712   ; unknown,0.0000   ; not equiv,0.2104  
./mergedHard/EXTRA_ultra_prime_sumEQ_oneBound/libA: timeout,300.0000 ; unknown,0.0000   ; timeout,300.0000
./mergedHard/EXTRA_ultra_prime_sumEQ_oneBound/libB: not equiv,2.1322   ; unknown,0.0000   ; not equiv,0.1903  
./mergedHard/EXTRA_ultra_prime_sumEQ_oneN2/libA: timeout,300.0000 ; unknown,0.0000   ; timeout,300.0000
./mergedHard/EXTRA_ultra_prime_sumEQ_oneN2/libB: not equiv,2.2040   ; unknown,0.0000   ; not equiv,0.2124  
./mergedHard/EXTRA_ultra_prime_sumEQ_pos/libA: timeout,300.0000 ; unknown,0.0000   ; timeout,300.0000
./mergedHard/EXTRA_ultra_prime_sumEQ_pos/libB: timeout,300.0000 ; unknown,0.0000   ; timeout,300.0000
./mergedHard/EXTRA_ultra_prime_sumEQ_pos2/libA: timeout,300.0000 ; unknown,0.0000   ; timeout,300.0000
./mergedHard/EXTRA_ultra_prime_sumEQ_pos2/libB: equiv,61.4125  ; unknown,0.0000   ; timeout,300.0000
./mergedHard/EXTRA_ultra_prime_sumEXTRA_ultra_prime_sum/libA: timeout,300.0000 ; unknown,0.0000   ; timeout,300.0000
./mergedHard/EXTRA_ultra_prime_sumEXTRA_ultra_prime_sum/libB: timeout,300.0000 ; unknown,0.0000   ; timeout,300.0000
./mergedHard/EXTRA_ultra_prime_sumNEQ_LoopMult20/libA: timeout,300.0000 ; unknown,0.0000   ; not equiv,3.6017  
./mergedHard/EXTRA_ultra_prime_sumNEQ_LoopMult20/libB: timeout,300.0000 ; unknown,0.0000   ; not equiv,0.3866  
./mergedHard/EXTRA_ultra_prime_sumNEQ_LoopUnreach20/libA: timeout,300.0000 ; unknown,0.0000   ; not equiv,3.6119  
./mergedHard/EXTRA_ultra_prime_sumNEQ_LoopUnreach20/libB: not equiv,1.1097   ; unknown,0.0000   ; not equiv,0.1747  
./mergedHard/EXTRA_ultra_prime_sumNEQ_getSign/libA: not equiv,157.8418 ; unknown,0.0000   ; not equiv,244.0052
./mergedHard/EXTRA_ultra_prime_sumNEQ_getSign/libB: not equiv,1.9487   ; unknown,0.0000   ; not equiv,0.1773  
./mergedHard/NEQ_LoopMult20EQ_UnchLoop/libA: not equiv,0.6459   ; unknown,0.0000   ; not equiv,0.1427  
./mergedHard/NEQ_LoopMult20EQ_UnchLoop/libB: equiv,0.4225   ; unknown,0.0000   ; equiv,0.3458  
./mergedHard/NEQ_LoopMult20EQ_is_prime2/libA: not equiv,0.7137   ; unknown,0.0000   ; not equiv,0.1628  
./mergedHard/NEQ_LoopMult20EQ_is_prime2/libB: not equiv,1.6704   ; unknown,0.0000   ; not equiv,0.9260  
./mergedHard/NEQ_LoopMult20EQ_odd/libA: not equiv,1.2882   ; unknown,0.0000   ; not equiv,0.7634  
./mergedHard/NEQ_LoopMult20EQ_odd/libB: not equiv,3.8068   ; unknown,0.0000   ; not equiv,2.5621  
./mergedHard/NEQ_LoopMult20EQ_pos/libA: not equiv,0.9605   ; unknown,0.0000   ; not equiv,0.3649  
./mergedHard/NEQ_LoopMult20EQ_pos/libB: not equiv,0.7573   ; unknown,0.0000   ; not equiv,0.3555  
./mergedHard/NEQ_LoopMult20EQ_pos2/libA: not equiv,0.9345   ; unknown,0.0000   ; not equiv,0.3628  
./mergedHard/NEQ_LoopMult20EQ_pos2/libB: equiv,17.6980  ; unknown,0.0000   ; timeout,300.0000
./mergedHard/NEQ_LoopMult20EXTRA_ultra_prime_sum/libA: not equiv,3.1513   ; unknown,0.0000   ; not equiv,0.4218  
./mergedHard/NEQ_LoopMult20EXTRA_ultra_prime_sum/libB: not equiv,17.1765  ; unknown,0.0000   ; not equiv,3.6300  
./mergedHard/NEQ_LoopUnreach20EQ_UnchLoop/libA: not equiv,0.4358   ; unknown,0.0000   ; not equiv,0.1393  
./mergedHard/NEQ_LoopUnreach20EQ_UnchLoop/libB: equiv,0.4222   ; unknown,0.0000   ; equiv,0.3461  
./mergedHard/NEQ_LoopUnreach20EQ_is_prime2/libA: not equiv,0.5096   ; unknown,0.0000   ; not equiv,0.1623  
./mergedHard/NEQ_LoopUnreach20EQ_is_prime2/libB: not equiv,1.6771   ; unknown,0.0000   ; not equiv,0.9186  
./mergedHard/NEQ_LoopUnreach20EQ_odd/libA: not equiv,0.4995   ; unknown,0.0000   ; not equiv,0.1640  
./mergedHard/NEQ_LoopUnreach20EQ_odd/libB: not equiv,4.2227   ; unknown,0.0000   ; not equiv,2.5781  
./mergedHard/NEQ_LoopUnreach20EQ_pos/libA: not equiv,0.5698   ; unknown,0.0000   ; not equiv,0.1925  
./mergedHard/NEQ_LoopUnreach20EQ_pos/libB: not equiv,0.7445   ; unknown,0.0000   ; not equiv,0.3567  
./mergedHard/NEQ_LoopUnreach20EQ_pos2/libA: not equiv,0.5415   ; unknown,0.0000   ; not equiv,0.1907  
./mergedHard/NEQ_LoopUnreach20EQ_pos2/libB: equiv,17.7690  ; unknown,0.0000   ; timeout,300.0000
./mergedHard/NEQ_LoopUnreach20EXTRA_ultra_prime_sum/libA: not equiv,0.9912   ; unknown,0.0000   ; not equiv,0.1638  
./mergedHard/NEQ_LoopUnreach20EXTRA_ultra_prime_sum/libB: not equiv,17.1723  ; unknown,0.0000   ; not equiv,3.6360  
./mergedHard/NEQ_getSignEQ_UnchLoop/libA: not equiv,0.3823   ; unknown,0.0000   ; not equiv,0.1355  
./mergedHard/NEQ_getSignEQ_UnchLoop/libB: equiv,40.2574  ; unknown,0.0000   ; timeout,300.0000
./mergedHard/NEQ_getSignEQ_is_prime2/libA: not equiv,0.5147   ; unknown,0.0000   ; not equiv,0.1938  
./mergedHard/NEQ_getSignEQ_is_prime2/libB: not equiv,1.5766   ; unknown,0.0000   ; not equiv,1.1508  
./mergedHard/NEQ_getSignEQ_odd/libA: not equiv,0.5072   ; unknown,0.0000   ; not equiv,0.1717  
./mergedHard/NEQ_getSignEQ_odd/libB: not equiv,0.9869   ; unknown,0.0000   ; not equiv,0.6489  
./mergedHard/NEQ_getSignEQ_pos/libA: not equiv,0.5635   ; unknown,0.0000   ; not equiv,0.2054  
./mergedHard/NEQ_getSignEQ_pos/libB: not equiv,0.6044   ; unknown,0.0000   ; not equiv,0.2811  
./mergedHard/NEQ_getSignEQ_pos2/libA: not equiv,0.5604   ; unknown,0.0000   ; not equiv,0.2052  
./mergedHard/NEQ_getSignEQ_pos2/libB: equiv,18.5799  ; unknown,0.0000   ; timeout,300.0000
./mergedHard/NEQ_getSignEXTRA_ultra_prime_sum/libA: not equiv,2.0052   ; unknown,0.0000   ; not equiv,0.1894  
./mergedHard/NEQ_getSignEXTRA_ultra_prime_sum/libB: not equiv,151.9997 ; unknown,0.0000   ; not equiv,133.5180
